fiscal_year,activity_code,nih_institute,n_applications,n_awarded,success_rate,total_funding,
2014,K01,OD Common Fund,6,6,100.0%,"$926,753",
2014,K01,FIC,23,5,21.7%,"$668,887",
2014,K01,NCCAM***,13,3,23.1%,"$396,725",
2014,K01,NCI,32,10,31.3%,"$1,195,100",
2014,K01,NHGRI,3,1,33.3%,"$123,732",
2014,K01,NHLBI,46,9,19.6%,"$1,224,174",
2014,K01,NIA,67,22,32.8%,"$2,720,425",
2014,K01,NIAAA,18,6,33.3%,"$892,908",
2014,K01,NIAID,14,7,50.0%,"$900,069",
2014,K01,NIAMS,42,12,28.6%,"$1,420,671",
2014,K01,NIBIB,10,0,0.0%,$0,
2014,K01,NICHD,19,7,36.8%,"$885,069",
2014,K01,NIDA,53,24,45.3%,"$3,971,655",
2014,K01,NIDCD,1,1,100.0%,"$171,433",
2014,K01,NIDDK,112,43,38.4%,"$5,820,496",
2014,K01,NIEHS,7,0,0.0%,$0,
2014,K01,NIMH,70,27,38.6%,"$4,539,022",
2014,K01,NINDS,8,1,12.5%,"$222,475",
2014,K01,NINR,9,1,11.1%,"$88,938",
2014,K01,NLM,5,3,60.0%,"$449,719",
2014,K01,OD ORIP-SEPA†,14,5,35.7%,"$651,460",
2014,K01,OD Other‡‡,7,7,100.0%,"$1,155,517",
2014,K01,ACTIVITY TOTAL,579,200,34.5%,"$28,425,228",
2014,K02,NIA,4,2,50.0%,"$256,373",
2014,K02,NIAAA,3,1,33.3%,"$128,596",
2014,K02,NIAID,1,0,0.0%,$0,
2014,K02,NICHD,1,1,100.0%,"$129,303",
2014,K02,NIDA,10,5,50.0%,"$617,376",
2014,K02,NIDCR,1,1,100.0%,"$112,713",
2014,K02,NIEHS,1,1,100.0%,"$118,854",
2014,K02,NIMH,2,0,0.0%,$0,
2014,K02,NINDS,12,3,25.0%,"$594,126",
2014,K02,ACTIVITY TOTAL,35,14,40.0%,"$1,957,341",
2014,K05,NCI,8,3,37.5%,"$271,884",
2014,K05,ACTIVITY TOTAL,8,3,37.5%,"$271,884",
2014,K07,NCCAM***,1,0,0.0%,$0,
2014,K07,NCI,66,12,18.2%,"$1,720,944",
2014,K07,NIA,4,1,25.0%,"$134,992",
2014,K07,NIAAA,1,0,0.0%,$0,
2014,K07,OD Other‡‡,1,1,100.0%,"$147,786",
2014,K07,ACTIVITY TOTAL,73,14,19.2%,"$2,003,722",
2014,K08,NCI,67,18,26.9%,"$2,971,884",
2014,K08,NEI,11,10,90.9%,"$2,136,274",
2014,K08,NHLBI,84,33,39.3%,"$4,241,129",
2014,K08,NIA,12,4,33.3%,"$577,465",
2014,K08,NIAAA,6,1,16.7%,"$170,478",
2014,K08,NIAID,46,24,52.2%,"$4,181,110",
2014,K08,NIAMS,17,8,47.1%,"$1,009,380",
2014,K08,NIBIB,2,0,0.0%,$0,
2014,K08,NICHD,19,4,21.1%,"$502,031",
2014,K08,NIDA,7,4,57.1%,"$639,149",
2014,K08,NIDCD,4,2,50.0%,"$453,139",
2014,K08,NIDCR,9,4,44.4%,"$519,766",
2014,K08,NIDDK,55,26,47.3%,"$3,890,530",
2014,K08,NIGMS,8,3,37.5%,"$586,662",
2014,K08,NIMH,11,5,45.5%,"$907,437",
2014,K08,NINDS,36,12,33.3%,"$2,167,405",
2014,K08,ACTIVITY TOTAL,394,158,40.1%,"$24,953,839",
2014,K12,NCI,6,2,33.3%,"$1,642,201",
2014,K12,NEI,4,0,0.0%,$0,
2014,K12,NICHD,2,1,50.0%,"$778,000",
2014,K12,NIDCR,2,0,0.0%,$0,
2014,K12,NIGMS,9,2,22.2%,"$1,316,257",
2014,K12,NINDS,4,2,50.0%,"$329,631",
2014,K12,ACTIVITY TOTAL,27,7,25.9%,"$4,066,089",
2014,K18,NIDA,6,0,0.0%,$0,
2014,K18,NIDCD,4,3,75.0%,"$451,573",
2014,K18,OD Other‡‡,3,3,100.0%,"$296,190",
2014,K18,ACTIVITY TOTAL,13,6,46.2%,"$747,763",
2014,K22,NCI,114,15,13.2%,"$2,659,257",
2014,K22,NHLBI,12,1,8.3%,"$249,000",
2014,K22,NIAID,60,9,15.0%,"$1,449,079",
2014,K22,NIEHS,11,2,18.2%,"$311,045",
2014,K22,NIMHD,2,2,100.0%,"$453,238",
2014,K22,NINDS,8,1,12.5%,"$94,876",
2014,K22,NLM,7,3,42.9%,"$447,880",
2014,K22,ACTIVITY TOTAL,214,33,15.4%,"$5,664,375",
2014,K23,NCCAM***,6,2,33.3%,"$261,783",
2014,K23,NCI,28,5,17.9%,"$818,759",
2014,K23,NEI,3,3,100.0%,"$581,417",
2014,K23,NHLBI,77,29,37.7%,"$4,147,948",
2014,K23,NIA,42,17,40.5%,"$2,679,257",
2014,K23,NIAAA,9,5,55.6%,"$883,240",
2014,K23,NIAID,36,19,52.8%,"$3,156,244",
2014,K23,NIAMS,10,4,40.0%,"$524,639",
2014,K23,NIBIB,2,1,50.0%,"$156,583",
2014,K23,NICHD,58,19,32.8%,"$2,509,294",
2014,K23,NIDA,20,4,20.0%,"$688,051",
2014,K23,NIDCD,14,6,42.9%,"$1,299,244",
2014,K23,NIDCR,4,2,50.0%,"$229,022",
2014,K23,NIDDK,64,21,32.8%,"$3,615,239",
2014,K23,NIEHS,3,1,33.3%,"$160,230",
2014,K23,NIGMS,15,5,33.3%,"$898,499",
2014,K23,NIMH,77,39,50.6%,"$6,811,549",
2014,K23,NINDS,41,12,29.3%,"$2,230,479",
2014,K23,NINR,15,7,46.7%,"$916,208",
2014,K23,ACTIVITY TOTAL,524,201,38.4%,"$32,567,685",
2014,K24,NCCAM***,2,1,50.0%,"$168,456",
2014,K24,NCI,5,4,80.0%,"$661,083",
2014,K24,NHLBI,9,3,33.3%,"$392,031",
2014,K24,NIA,6,4,66.7%,"$750,304",
2014,K24,NIAAA,3,1,33.3%,"$180,347",
2014,K24,NIAID,9,5,55.6%,"$886,638",
2014,K24,NIAMS,6,4,66.7%,"$656,007",
2014,K24,NICHD,11,5,45.5%,"$829,866",
2014,K24,NIDA,12,8,66.7%,"$1,407,937",
2014,K24,NIDCD,2,0,0.0%,$0,
2014,K24,NIDDK,10,5,50.0%,"$842,392",
2014,K24,NIEHS,1,1,100.0%,"$167,220",
2014,K24,NIMH,4,1,25.0%,"$177,898",
2014,K24,NINDS,6,0,0.0%,$0,
2014,K24,NINR,2,1,50.0%,"$170,234",
2014,K24,ACTIVITY TOTAL,88,43,48.9%,"$7,290,413",
2014,K25,NCI,11,4,36.4%,"$606,728",
2014,K25,NHLBI,14,5,35.7%,"$668,396",
2014,K25,NIA,3,0,0.0%,$0,
2014,K25,NIAID,3,1,33.3%,"$129,802",
2014,K25,NIAMS,1,0,0.0%,$0,
2014,K25,NIBIB,9,3,33.3%,"$458,856",
2014,K25,NICHD,3,0,0.0%,$0,
2014,K25,NIDA,3,0,0.0%,$0,
2014,K25,NIDCD,1,1,100.0%,"$167,410",
2014,K25,NIDDK,4,0,0.0%,$0,
2014,K25,NIEHS,1,0,0.0%,$0,
2014,K25,NIGMS,3,1,33.3%,"$146,475",
2014,K25,NINDS,3,1,33.3%,"$151,214",
2014,K25,ACTIVITY TOTAL,59,16,27.1%,"$2,328,881",
2014,K99,NCCAM***,4,1,25.0%,"$89,992",
2014,K99,NCI,179,46,25.7%,"$5,551,836",
2014,K99,NEI,29,7,24.1%,"$657,944",
2014,K99,NHGRI,15,5,33.3%,"$484,933",
2014,K99,NHLBI,167,40,24.0%,"$4,590,006",
2014,K99,NIA,45,15,33.3%,"$1,546,886",
2014,K99,NIAAA,16,4,25.0%,"$473,318",
2014,K99,NIAID,52,7,13.5%,"$771,228",
2014,K99,NIAMS,21,3,14.3%,"$266,135",
2014,K99,NIBIB,21,5,23.8%,"$431,437",
2014,K99,NICHD,86,14,16.3%,"$1,493,255",
2014,K99,NIDA,30,11,36.7%,"$1,515,356",
2014,K99,NIDCD,14,4,28.6%,"$389,621",
2014,K99,NIDCR,21,9,42.9%,"$986,705",
2014,K99,NIDDK,48,10,20.8%,"$899,562",
2014,K99,NIEHS,37,11,29.7%,"$1,101,059",
2014,K99,NIGMS,145,12,8.3%,"$1,045,862",
2014,K99,NIMH,66,17,25.8%,"$1,703,134",
2014,K99,NINDS,110,22,20.0%,"$2,024,212",
2014,K99,NINR,4,1,25.0%,"$88,499",
2014,K99,NLM,8,2,25.0%,"$186,232",
2014,K99,OD Other‡‡,1,1,100.0%,"$108,907",
2014,K99,ACTIVITY TOTAL,"1,119",247,22.1%,"$26,406,119",
2014,FY Total,,"3,133",942,30.1%,"$136,683,339",
2015,K01,NCI,31,9,29.0%,"$1,263,591",
2015,K01,NHLBI,53,21,39.6%,"$2,887,226",
2015,K01,NIDDK,104,50,48.1%,"$6,820,325",
2015,K01,NINDS,10,2,20.0%,"$445,838",
2015,K01,NIAID,15,5,33.3%,"$674,412",
2015,K01,NICHD,22,7,31.8%,"$746,331",
2015,K01,NIEHS,2,0,0.0%,$0,
2015,K01,NIA,65,18,27.7%,"$2,243,259",
2015,K01,NIAMS,34,9,26.5%,"$1,053,118",
2015,K01,NIDCD,1,1,100.0%,"$172,552",
2015,K01,NIMH,70,25,35.7%,"$4,146,954",
2015,K01,NIDA,50,15,30.0%,"$2,449,786",
2015,K01,NIAAA,24,4,16.7%,"$652,409",
2015,K01,NINR,9,4,44.4%,"$366,282",
2015,K01,NHGRI,26,2,7.7%,"$407,883",
2015,K01,NIBIB,9,0,0.0%,$0,
2015,K01,NCCIH***,7,1,14.3%,"$124,505",
2015,K01,FIC,24,8,33.3%,"$908,948",
2015,K01,NLM,6,1,16.7%,"$168,195",
2015,K01,OD Common Fund,12,12,100.0%,"$1,994,537",
2015,K01,OD ORIP-SEPA†,24,7,29.2%,"$918,253",
2015,K01,ACTIVITY TOTAL,598,201,33.6%,"$28,444,404",
2015,K02,NIDCR,3,0,0.0%,$0,
2015,K02,NINDS,10,1,10.0%,"$205,729",
2015,K02,NIA,5,1,20.0%,"$120,532",
2015,K02,NIMH,1,0,0.0%,$0,
2015,K02,NIDA,7,2,28.6%,"$277,136",
2015,K02,NIAAA,5,2,40.0%,"$272,982",
2015,K02,ACTIVITY TOTAL,31,6,19.4%,"$876,379",
2015,K05,NCI,8,2,25.0%,"$172,247",
2015,K05,ACTIVITY TOTAL,8,2,25.0%,"$172,247",
2015,K07,NCI,67,17,25.4%,"$2,644,242",
2015,K07,NIA,5,1,20.0%,"$130,107",
2015,K07,NIAAA,1,0,0.0%,$0,
2015,K07,NCCIH***,2,1,50.0%,"$143,101",
2015,K07,ACTIVITY TOTAL,75,19,25.3%,"$2,917,450",
2015,K08,NCI,72,18,25.0%,"$3,067,832",
2015,K08,NHLBI,85,43,50.6%,"$5,587,560",
2015,K08,NIDCR,8,1,12.5%,"$139,477",
2015,K08,NIDDK,59,32,54.2%,"$4,845,540",
2015,K08,NINDS,43,14,32.6%,"$2,392,541",
2015,K08,NIAID,49,22,44.9%,"$3,879,365",
2015,K08,NIGMS,9,5,55.6%,"$964,374",
2015,K08,NICHD,21,3,14.3%,"$394,163",
2015,K08,NEI,13,4,30.8%,"$770,973",
2015,K08,NIEHS,1,1,100.0%,"$190,592",
2015,K08,NIA,16,7,43.8%,"$1,072,293",
2015,K08,NIAMS,23,8,34.8%,"$991,845",
2015,K08,NIDCD,3,2,66.7%,"$460,889",
2015,K08,NIMH,13,4,30.8%,"$698,825",
2015,K08,NIDA,5,3,60.0%,"$472,729",
2015,K08,NIAAA,5,2,40.0%,"$350,728",
2015,K08,NHGRI,1,0,0.0%,$0,
2015,K08,NIBIB,4,1,25.0%,"$191,526",
2015,K08,ACTIVITY TOTAL,430,170,39.5%,"$26,471,252",
2015,K12,NCI,8,4,50.0%,"$2,228,388",
2015,K12,NINDS,2,2,100.0%,"$313,906",
2015,K12,NIGMS,16,4,25.0%,"$3,609,213",
2015,K12,NICHD,43,23,53.5%,"$3,016,536",
2015,K12,NEI,5,1,20.0%,"$226,725",
2015,K12,NIEHS,1,0,0.0%,$0,
2015,K12,NIAMS,0,0,0.0%,"$100,000",
2015,K12,NIDA,4,1,25.0%,"$1,275,966",
2015,K12,ACTIVITY TOTAL,79,35,44.3%,"$10,770,734",
2015,K18,NIDCD,5,2,40.0%,"$349,724",
2015,K18,ACTIVITY TOTAL,5,2,40.0%,"$349,724",
2015,K22,NCI,111,19,17.1%,"$3,442,003",
2015,K22,NHLBI,14,2,14.3%,"$497,736",
2015,K22,NIDCR,1,0,0.0%,$0,
2015,K22,NINDS,16,5,31.3%,"$414,879",
2015,K22,NIAID,72,21,29.2%,"$3,385,447",
2015,K22,NIEHS,10,4,40.0%,"$594,525",
2015,K22,NIMH,2,0,0.0%,$0,
2015,K22,NIMHD,1,1,100.0%,"$242,177",
2015,K22,ACTIVITY TOTAL,227,52,22.9%,"$8,576,767",
2015,K23,NCI,22,3,13.6%,"$509,190",
2015,K23,NHLBI,94,36,38.3%,"$5,393,783",
2015,K23,NIDCR,3,1,33.3%,"$130,265",
2015,K23,NIDDK,73,33,45.2%,"$5,589,431",
2015,K23,NINDS,45,14,31.1%,"$2,513,324",
2015,K23,NIAID,32,11,34.4%,"$1,941,510",
2015,K23,NIGMS,16,7,43.8%,"$1,293,518",
2015,K23,NICHD,73,13,17.8%,"$1,670,141",
2015,K23,NEI,11,5,45.5%,"$1,009,278",
2015,K23,NIEHS,5,4,80.0%,"$669,446",
2015,K23,NIA,45,17,37.8%,"$2,676,436",
2015,K23,NIAMS,21,7,33.3%,"$867,044",
2015,K23,NIDCD,16,6,37.5%,"$1,235,223",
2015,K23,NIMH,70,27,38.6%,"$4,591,885",
2015,K23,NIDA,34,13,38.2%,"$2,285,575",
2015,K23,NIAAA,9,3,33.3%,"$504,947",
2015,K23,NINR,12,2,16.7%,"$266,325",
2015,K23,NIBIB,1,0,0.0%,$0,
2015,K23,NCCIH***,7,4,57.1%,"$554,834",
2015,K23,ACTIVITY TOTAL,589,206,35.0%,"$33,702,155",
2015,K24,NCI,9,4,44.4%,"$637,530",
2015,K24,NHLBI,22,11,50.0%,"$1,439,317",
2015,K24,NIDDK,11,6,54.5%,"$1,018,525",
2015,K24,NINDS,3,1,33.3%,"$183,827",
2015,K24,NIAID,14,5,35.7%,"$783,997",
2015,K24,NICHD,5,1,20.0%,"$127,508",
2015,K24,NIA,8,7,87.5%,"$1,066,805",
2015,K24,NIAMS,4,2,50.0%,"$371,791",
2015,K24,NIDCD,1,0,0.0%,$0,
2015,K24,NIMH,1,1,100.0%,"$118,536",
2015,K24,NIDA,12,6,50.0%,"$1,047,516",
2015,K24,NINR,2,1,50.0%,"$188,616",
2015,K24,NCCIH***,2,0,0.0%,$0,
2015,K24,ACTIVITY TOTAL,94,45,47.9%,"$6,983,968",
2015,K25,NCI,10,0,0.0%,$0,
2015,K25,NHLBI,8,4,50.0%,"$567,900",
2015,K25,NIDCR,1,1,100.0%,"$132,786",
2015,K25,NIDDK,2,0,0.0%,$0,
2015,K25,NIAID,3,2,66.7%,"$266,355",
2015,K25,NICHD,5,1,20.0%,"$131,693",
2015,K25,NIA,7,0,0.0%,$0,
2015,K25,NIAMS,4,1,25.0%,"$139,671",
2015,K25,NIDCD,2,0,0.0%,$0,
2015,K25,NIDA,3,1,33.3%,"$166,512",
2015,K25,NIAAA,3,1,33.3%,"$184,587",
2015,K25,NIBIB,5,1,20.0%,"$169,609",
2015,K25,ACTIVITY TOTAL,53,12,22.6%,"$1,759,113",
2015,K99,NCI,138,33,23.9%,"$4,145,039",
2015,K99,NHLBI,111,27,24.3%,"$3,094,830",
2015,K99,NIDCR,28,8,28.6%,"$915,183",
2015,K99,NIDDK,31,8,25.8%,"$727,077",
2015,K99,NINDS,85,10,11.8%,"$918,172",
2015,K99,NIAID,44,7,15.9%,"$771,330",
2015,K99,NIGMS,109,17,15.6%,"$1,524,700",
2015,K99,NICHD,78,18,23.1%,"$2,140,766",
2015,K99,NEI,21,6,28.6%,"$608,896",
2015,K99,NIEHS,38,9,23.7%,"$810,783",
2015,K99,NIA,40,12,30.0%,"$1,373,009",
2015,K99,NIAMS,19,3,15.8%,"$292,788",
2015,K99,NIDCD,15,4,26.7%,"$547,553",
2015,K99,NIMH,57,14,24.6%,"$1,424,849",
2015,K99,NIDA,30,7,23.3%,"$991,495",
2015,K99,NIAAA,19,5,26.3%,"$610,055",
2015,K99,NINR,9,1,11.1%,"$95,147",
2015,K99,NHGRI,11,9,81.8%,"$909,045",
2015,K99,NIBIB,31,5,16.1%,"$457,228",
2015,K99,NCCIH***,6,2,33.3%,"$199,621",
2015,K99,NIMHD,2,0,0.0%,$0,
2015,K99,NLM,9,3,33.3%,"$268,756",
2015,K99,OD ORIP-SEPA†,1,0,0.0%,$0,
2015,K99,ACTIVITY TOTAL,932,208,22.3%,"$22,826,322",
2015,KL2,NCATS**,1,1,100.0%,"$543,562",
2015,KL2,ACTIVITY TOTAL,1,1,100.0%,"$543,562",
2015,FY Total,,"3,122",959,30.7%,"$144,394,077",
2016,K01,NCI,26,5,19.2%,"$780,612",
2016,K01,NHLBI,75,36,48.0%,"$5,325,803",
2016,K01,NIDDK,90,36,40.0%,"$4,851,470",
2016,K01,NINDS,18,3,16.7%,"$674,376",
2016,K01,NIAID,26,7,26.9%,"$916,861",
2016,K01,NICHD,15,6,40.0%,"$803,987",
2016,K01,NIEHS,2,0,0.0%,$0,
2016,K01,NIA,55,23,41.8%,"$2,859,604",
2016,K01,NIAMS,46,9,19.6%,"$1,113,152",
2016,K01,NIDCD,2,0,0.0%,$0,
2016,K01,NIMH,85,30,35.3%,"$5,038,586",
2016,K01,NIDA,53,9,17.0%,"$1,515,833",
2016,K01,NIAAA,34,13,38.2%,"$1,938,370",
2016,K01,NINR,5,0,0.0%,$0,
2016,K01,NHGRI,35,4,11.4%,"$565,164",
2016,K01,NIBIB,5,1,20.0%,"$175,392",
2016,K01,NCCIH***,7,4,57.1%,"$521,933",
2016,K01,FIC,22,5,22.7%,"$660,655",
2016,K01,NLM,16,4,25.0%,"$610,636",
2016,K01,OD ORIP-SEPA†,12,7,58.3%,"$865,963",
2016,K01,ACTIVITY TOTAL,629,202,32.1%,"$29,218,397",
2016,K02,NIDCR,2,1,50.0%,"$120,268",
2016,K02,NINDS,9,2,22.2%,"$396,750",
2016,K02,NIA,4,1,25.0%,"$150,935",
2016,K02,NIDA,4,0,0.0%,$0,
2016,K02,NIAAA,4,1,25.0%,"$128,693",
2016,K02,ACTIVITY TOTAL,23,5,21.7%,"$796,646",
2016,K07,NCI,57,16,28.1%,"$2,536,228",
2016,K07,NIA,5,1,20.0%,"$87,775",
2016,K07,ACTIVITY TOTAL,62,17,27.4%,"$2,624,003",
2016,K08,NCI,64,20,31.3%,"$3,392,677",
2016,K08,NHLBI,97,43,44.3%,"$7,043,454",
2016,K08,NIDCR,12,7,58.3%,"$956,539",
2016,K08,NIDDK,56,25,44.6%,"$3,779,854",
2016,K08,NINDS,39,10,25.6%,"$1,795,097",
2016,K08,NIAID,55,16,29.1%,"$2,879,089",
2016,K08,NIGMS,7,6,85.7%,"$1,122,729",
2016,K08,NICHD,22,3,13.6%,"$389,578",
2016,K08,NEI,20,10,50.0%,"$1,989,455",
2016,K08,NIEHS,1,0,0.0%,$0,
2016,K08,NIA,5,3,60.0%,"$533,082",
2016,K08,NIAMS,18,11,61.1%,"$1,824,472",
2016,K08,NIDCD,2,0,0.0%,$0,
2016,K08,NIMH,12,5,41.7%,"$962,370",
2016,K08,NIDA,4,1,25.0%,"$153,858",
2016,K08,NIAAA,9,1,11.1%,"$180,457",
2016,K08,NHGRI,3,0,0.0%,$0,
2016,K08,NIBIB,3,1,33.3%,"$195,723",
2016,K08,ACTIVITY TOTAL,429,162,37.8%,"$27,198,434",
2016,K12,NCI,8,6,75.0%,"$3,976,071",
2016,K12,NHLBI,7,4,57.1%,"$273,794",
2016,K12,NIDDK,5,2,40.0%,"$716,339",
2016,K12,NIDDK T1D,4,4,100.0%,"$1,755,231",
2016,K12,NINDS,1,1,100.0%,"$3,192,617",
2016,K12,NIGMS,17,4,23.5%,"$2,338,378",
2016,K12,NICHD,12,4,33.3%,"$1,240,032",
2016,K12,NEI,4,2,50.0%,"$1,104,062",
2016,K12,NIDA,2,0,0.0%,$0,
2016,K12,ACTIVITY TOTAL,60,27,45.0%,"$14,596,524",
2016,K18,NIDCR,1,0,0.0%,$0,
2016,K18,NIDCD,2,2,100.0%,"$343,753",
2016,K18,ACTIVITY TOTAL,3,2,66.7%,"$343,753",
2016,K22,NCI,96,21,21.9%,"$3,734,492",
2016,K22,NHLBI,11,1,9.1%,"$249,000",
2016,K22,NINDS,9,1,11.1%,"$93,355",
2016,K22,NIAID,79,24,30.4%,"$3,861,987",
2016,K22,NIEHS,11,2,18.2%,"$316,450",
2016,K22,NIMH,1,1,100.0%,"$324,000",
2016,K22,ACTIVITY TOTAL,207,50,24.2%,"$8,579,284",
2016,K23,NCI,31,5,16.1%,"$825,671",
2016,K23,NHLBI,101,45,44.6%,"$8,086,510",
2016,K23,NIDCR,5,2,40.0%,"$263,164",
2016,K23,NIDDK,62,28,45.2%,"$4,964,021",
2016,K23,NINDS,41,6,14.6%,"$1,124,099",
2016,K23,NIAID,42,17,40.5%,"$2,943,258",
2016,K23,NIGMS,6,4,66.7%,"$661,996",
2016,K23,NICHD,76,15,19.7%,"$2,022,733",
2016,K23,NEI,17,8,47.1%,"$1,717,613",
2016,K23,NIEHS,4,3,75.0%,"$457,410",
2016,K23,NIA,36,13,36.1%,"$2,042,013",
2016,K23,NIAMS,16,7,43.8%,"$1,200,701",
2016,K23,NIDCD,11,4,36.4%,"$725,296",
2016,K23,NIMH,62,22,35.5%,"$3,844,905",
2016,K23,NIDA,37,15,40.5%,"$2,669,200",
2016,K23,NIAAA,14,5,35.7%,"$929,949",
2016,K23,NINR,9,5,55.6%,"$716,110",
2016,K23,NIBIB,1,1,100.0%,"$197,424",
2016,K23,NCCIH***,4,2,50.0%,"$273,682",
2016,K23,ACTIVITY TOTAL,575,207,36.0%,"$35,665,755",
2016,K24,NCI,8,3,37.5%,"$518,290",
2016,K24,NHLBI,23,15,65.2%,"$1,744,898",
2016,K24,NIDDK,16,9,56.3%,"$1,399,665",
2016,K24,NINDS,1,1,100.0%,"$187,916",
2016,K24,NIAID,12,7,58.3%,"$1,172,553",
2016,K24,NICHD,4,1,25.0%,"$154,459",
2016,K24,NIA,7,6,85.7%,"$987,800",
2016,K24,NIAMS,3,2,66.7%,"$355,875",
2016,K24,NIDCD,2,1,50.0%,"$186,537",
2016,K24,NIMH,3,1,33.3%,"$173,372",
2016,K24,NIDA,8,3,37.5%,"$532,030",
2016,K24,NIAAA,2,1,50.0%,"$182,337",
2016,K24,NCCIH***,1,1,100.0%,"$189,937",
2016,K24,ACTIVITY TOTAL,90,51,56.7%,"$7,785,669",
2016,K25,NCI,24,2,8.3%,"$269,646",
2016,K25,NHLBI,10,5,50.0%,"$870,370",
2016,K25,NIDDK,2,1,50.0%,"$131,102",
2016,K25,NIAID,4,0,0.0%,$0,
2016,K25,NIGMS,1,0,0.0%,$0,
2016,K25,NICHD,3,1,33.3%,"$127,337",
2016,K25,NIA,2,2,100.0%,"$275,530",
2016,K25,NIAMS,2,0,0.0%,$0,
2016,K25,NIDCD,3,1,33.3%,"$204,930",
2016,K25,NIDA,1,0,0.0%,$0,
2016,K25,NIAAA,2,2,100.0%,"$311,232",
2016,K25,NIBIB,3,0,0.0%,$0,
2016,K25,ACTIVITY TOTAL,57,14,24.6%,"$2,190,147",
2016,K43,NIMH,0,0,0.0%,"$134,983",
2016,K43,FIC,35,7,20.0%,"$391,961",
2016,K43,ACTIVITY TOTAL,35,7,20.0%,"$526,944",
2016,K76,NIA,20,9,45.0%,"$1,692,183",
2016,K76,ACTIVITY TOTAL,20,9,45.0%,"$1,692,183",
2016,K99,NCI,159,51,32.1%,"$6,549,907",
2016,K99,NHLBI,124,32,25.8%,"$4,066,065",
2016,K99,NIDCR,20,5,25.0%,"$579,373",
2016,K99,NIDDK,40,9,22.5%,"$815,335",
2016,K99,NINDS,76,7,9.2%,"$635,829",
2016,K99,NIAID,45,5,11.1%,"$576,151",
2016,K99,NIGMS,100,18,18.0%,"$1,580,392",
2016,K99,NICHD,72,18,25.0%,"$2,140,274",
2016,K99,NEI,22,8,36.4%,"$825,134",
2016,K99,NIEHS,46,10,21.7%,"$919,176",
2016,K99,NIA,65,18,27.7%,"$2,038,213",
2016,K99,NIAMS,28,4,14.3%,"$368,442",
2016,K99,NIDCD,9,2,22.2%,"$209,235",
2016,K99,NIMH,60,14,23.3%,"$1,511,955",
2016,K99,NIDA,49,13,26.5%,"$1,933,584",
2016,K99,NIAAA,21,4,19.0%,"$522,741",
2016,K99,NINR,10,2,20.0%,"$185,160",
2016,K99,NHGRI,13,2,15.4%,"$240,584",
2016,K99,NIBIB,29,5,17.2%,"$436,336",
2016,K99,NCCIH***,4,1,25.0%,"$90,591",
2016,K99,NIMHD,6,3,50.0%,"$361,930",
2016,K99,NLM,6,0,0.0%,$0,
2016,K99,ACTIVITY TOTAL,"1,004",231,23.0%,"$26,586,407",
2016,KL2,NCATS**,14,14,100.0%,"$15,022,001",
2016,KL2,ACTIVITY TOTAL,14,14,100.0%,"$15,022,001",
2016,FY Total,,"3,208",998,31.1%,"$172,826,147",
2017,K01,NCI,22,7,31.8%,"$984,001",
2017,K01,NHLBI,63,22,34.9%,"$3,547,254",
2017,K01,NIDCR,3,2,66.7%,"$286,703",
2017,K01,NIDDK,111,32,28.8%,"$4,318,658",
2017,K01,NINDS,15,6,40.0%,"$1,288,578",
2017,K01,NIAID,29,4,13.8%,"$492,377",
2017,K01,NICHD,15,5,33.3%,"$658,683",
2017,K01,NIEHS,28,0,0.0%,$0,
2017,K01,NIA,65,26,40.0%,"$3,307,125",
2017,K01,NIAMS,39,12,30.8%,"$1,516,248",
2017,K01,NIDCD,6,1,16.7%,"$138,670",
2017,K01,NIMH,81,29,35.8%,"$4,539,449",
2017,K01,NIDA,68,19,27.9%,"$3,050,056",
2017,K01,NIAAA,29,14,48.3%,"$2,245,960",
2017,K01,NINR,9,4,44.4%,"$356,328",
2017,K01,NHGRI,3,0,0.0%,$0,
2017,K01,NIBIB,4,2,50.0%,"$335,329",
2017,K01,NCCIH***,7,2,28.6%,"$243,833",
2017,K01,FIC,18,5,27.8%,"$653,295",
2017,K01,NLM,14,3,21.4%,"$502,487",
2017,K01,OD Common Fund,3,3,100.0%,"$500,967",
2017,K01,OD ORIP-SEPA†,13,5,38.5%,"$1,326,371",
2017,K01,ACTIVITY TOTAL,645,203,31.5%,"$30,292,372",
2017,K02,NINDS,8,3,37.5%,"$604,033",
2017,K02,NIEHS,1,0,0.0%,$0,
2017,K02,NIA,2,1,50.0%,"$161,147",
2017,K02,NIDA,6,5,83.3%,"$660,242",
2017,K02,NIAAA,1,1,100.0%,"$162,078",
2017,K02,ACTIVITY TOTAL,18,10,55.6%,"$1,587,500",
2017,K07,NCI,67,9,13.4%,"$1,495,143",
2017,K07,NIA,2,1,50.0%,"$135,000",
2017,K07,ACTIVITY TOTAL,69,10,14.5%,"$1,630,143",
2017,K08,NCI,56,19,33.9%,"$3,184,364",
2017,K08,NHLBI,107,56,52.3%,"$9,067,379",
2017,K08,NIDCR,8,5,62.5%,"$717,410",
2017,K08,NIDDK,56,21,37.5%,"$3,332,258",
2017,K08,NINDS,59,26,44.1%,"$4,925,799",
2017,K08,NIAID,52,18,34.6%,"$3,393,314",
2017,K08,NIGMS,13,9,69.2%,"$1,577,211",
2017,K08,NICHD,16,0,0.0%,$0,
2017,K08,NEI,19,8,42.1%,"$1,728,282",
2017,K08,NIEHS,2,0,0.0%,$0,
2017,K08,NIA,7,3,42.9%,"$459,322",
2017,K08,NIAMS,19,7,36.8%,"$1,208,295",
2017,K08,NIDCD,1,1,100.0%,"$178,830",
2017,K08,NIMH,15,10,66.7%,"$1,861,551",
2017,K08,NIDA,5,3,60.0%,"$585,740",
2017,K08,NIAAA,8,6,75.0%,"$1,062,237",
2017,K08,NHGRI,1,1,100.0%,"$166,235",
2017,K08,NIBIB,1,1,100.0%,"$184,373",
2017,K08,NCCIH***,2,1,50.0%,"$195,853",
2017,K08,ACTIVITY TOTAL,447,195,43.6%,"$33,828,453",
2017,K12,NCI,3,2,66.7%,"$1,617,997",
2017,K12,NHLBI,14,10,71.4%,"$1,295,437",
2017,K12,NIDCR,0,0,0.0%,"$150,000",
2017,K12,NIAID,1,1,100.0%,"$375,000",
2017,K12,NIGMS,19,6,31.6%,"$5,444,233",
2017,K12,NICHD,23,8,34.8%,"$4,644,353",
2017,K12,NEI,3,1,33.3%,$1,
2017,K12,NIDA,6,4,66.7%,"$1,407,811",
2017,K12,NIAAA,0,0,0.0%,"$100,000",
2017,K12,ACTIVITY TOTAL,69,32,46.4%,"$15,034,832",
2017,K18,NIDCR,3,0,0.0%,$0,
2017,K18,NIDCD,1,0,0.0%,$0,
2017,K18,ACTIVITY TOTAL,4,0,0.0%,$0,
2017,K22,NCI,143,22,15.4%,"$3,886,024",
2017,K22,NHLBI,17,3,17.6%,"$747,000",
2017,K22,NINDS,14,3,21.4%,"$302,548",
2017,K22,NIAID,56,15,26.8%,"$2,399,854",
2017,K22,NIEHS,7,1,14.3%,"$161,730",
2017,K22,ACTIVITY TOTAL,237,44,18.6%,"$7,497,156",
2017,K23,NCI,21,3,14.3%,"$527,652",
2017,K23,NHLBI,138,52,37.7%,"$9,311,596",
2017,K23,NIDCR,4,1,25.0%,"$138,634",
2017,K23,NIDDK,68,19,27.9%,"$3,577,122",
2017,K23,NINDS,57,23,40.4%,"$4,412,723",
2017,K23,NIAID,53,12,22.6%,"$2,234,311",
2017,K23,NIGMS,4,2,50.0%,"$392,180",
2017,K23,NICHD,69,21,30.4%,"$3,368,805",
2017,K23,NEI,15,5,33.3%,"$1,078,561",
2017,K23,NIEHS,1,1,100.0%,"$201,525",
2017,K23,NIA,28,12,42.9%,"$2,217,597",
2017,K23,NIAMS,21,7,33.3%,"$1,215,862",
2017,K23,NIDCD,8,3,37.5%,"$545,821",
2017,K23,NIMH,99,34,34.3%,"$6,369,327",
2017,K23,NIDA,36,18,50.0%,"$3,421,780",
2017,K23,NIAAA,8,2,25.0%,"$373,230",
2017,K23,NINR,7,2,28.6%,"$292,128",
2017,K23,NCCIH***,4,1,25.0%,"$163,890",
2017,K23,ACTIVITY TOTAL,641,218,34.0%,"$39,842,744",
2017,K24,NCI,5,2,40.0%,"$354,197",
2017,K24,NHLBI,16,8,50.0%,"$958,009",
2017,K24,NIDDK,14,3,21.4%,"$560,543",
2017,K24,NIAID,13,5,38.5%,"$819,708",
2017,K24,NICHD,4,1,25.0%,"$190,938",
2017,K24,NIA,11,5,45.5%,"$918,314",
2017,K24,NIAMS,6,2,33.3%,"$345,250",
2017,K24,NIDCD,1,1,100.0%,"$189,841",
2017,K24,NIMH,3,2,66.7%,"$309,536",
2017,K24,NIDA,6,1,16.7%,"$181,218",
2017,K24,NIAAA,4,1,25.0%,"$151,294",
2017,K24,NINR,1,1,100.0%,"$123,604",
2017,K24,NCCIH***,2,2,100.0%,"$344,393",
2017,K24,ACTIVITY TOTAL,86,34,39.5%,"$5,446,845",
2017,K25,NCI,9,1,11.1%,"$157,167",
2017,K25,NHLBI,10,7,70.0%,"$1,108,731",
2017,K25,NIDCR,3,0,0.0%,$0,
2017,K25,NIDDK,3,0,0.0%,$0,
2017,K25,NIAID,4,1,25.0%,"$99,587",
2017,K25,NIGMS,4,0,0.0%,$0,
2017,K25,NICHD,1,0,0.0%,$0,
2017,K25,NIEHS,2,1,50.0%,"$154,170",
2017,K25,NIA,5,1,20.0%,"$150,676",
2017,K25,NIDCD,1,0,0.0%,$0,
2017,K25,NIDA,1,0,0.0%,$0,
2017,K25,NIAAA,1,0,0.0%,$0,
2017,K25,NIBIB,7,1,14.3%,"$173,504",
2017,K25,ACTIVITY TOTAL,51,12,23.5%,"$1,843,835",
2017,K43,NINDS,0,0,0.0%,"$97,605",
2017,K43,NIEHS,0,0,0.0%,"$90,569",
2017,K43,NIMH,0,0,0.0%,"$30,000",
2017,K43,FIC,42,12,28.6%,"$907,021",
2017,K43,ACTIVITY TOTAL,42,12,28.6%,"$1,125,195",
2017,K76,NIA,10,5,50.0%,"$1,214,211",
2017,K76,ACTIVITY TOTAL,10,5,50.0%,"$1,214,211",
2017,K99,NCI,160,29,18.1%,"$3,948,618",
2017,K99,NHLBI,99,24,24.2%,"$3,072,290",
2017,K99,NIDCR,20,8,40.0%,"$1,088,762",
2017,K99,NIDDK,40,9,22.5%,"$815,663",
2017,K99,NINDS,78,7,9.0%,"$626,346",
2017,K99,NIAID,55,4,7.3%,"$492,090",
2017,K99,NIGMS,103,20,19.4%,"$1,795,542",
2017,K99,NICHD,66,23,34.8%,"$2,614,951",
2017,K99,NEI,19,9,47.4%,"$888,860",
2017,K99,NIEHS,30,11,36.7%,"$1,170,586",
2017,K99,NIA,67,28,41.8%,"$3,207,904",
2017,K99,NIAMS,22,5,22.7%,"$460,636",
2017,K99,NIDCD,16,3,18.8%,"$347,921",
2017,K99,NIMH,78,16,20.5%,"$1,871,170",
2017,K99,NIDA,52,10,19.2%,"$1,444,042",
2017,K99,NIAAA,26,11,42.3%,"$1,491,773",
2017,K99,NINR,10,2,20.0%,"$181,258",
2017,K99,NHGRI,19,7,36.8%,"$910,667",
2017,K99,NIBIB,30,5,16.7%,"$409,857",
2017,K99,NCCIH***,5,3,60.0%,"$327,599",
2017,K99,NIMHD,4,1,25.0%,"$90,386",
2017,K99,NLM,5,0,0.0%,$0,
2017,K99,OD ORIP-SEPA†,1,0,0.0%,$0,
2017,K99,ACTIVITY TOTAL,"1,005",235,23.4%,"$27,256,921",
2017,KL2,NCATS**,10,10,100.0%,"$11,545,267",
2017,KL2,ACTIVITY TOTAL,10,10,100.0%,"$11,545,267",
2017,FY Total,,"3,334","1,020",30.6%,"$178,145,474",
2018,K01,NCI,33,13,39.4%,"$2,021,871",
2018,K01,NHLBI,134,44,32.8%,"$6,898,597",
2018,K01,NIDCR,3,1,33.3%,"$172,098",
2018,K01,NIDDK,129,42,32.6%,"$5,682,972",
2018,K01,NINDS,22,5,22.7%,"$654,136",
2018,K01,NIAID,29,6,20.7%,"$756,830",
2018,K01,NICHD,16,6,37.5%,"$765,243",
2018,K01,NIEHS,9,5,55.6%,"$747,733",
2018,K01,NIA,83,24,28.9%,"$2,940,458",
2018,K01,NIAMS,44,9,20.5%,"$1,075,468",
2018,K01,NIDCD,8,4,50.0%,"$560,686",
2018,K01,NIMH,108,30,27.8%,"$4,889,377",
2018,K01,NIDA,61,16,26.2%,"$2,517,296",
2018,K01,NIAAA,29,18,62.1%,"$2,862,000",
2018,K01,NINR,9,3,33.3%,"$274,855",
2018,K01,NHGRI,3,1,33.3%,"$171,649",
2018,K01,NIBIB,5,0,0.0%,$0,
2018,K01,NCCIH***,2,0,0.0%,$0,
2018,K01,NIMHD,1,1,100.0%,"$135,347",
2018,K01,FIC,23,4,17.4%,"$553,965",
2018,K01,NLM,16,5,31.3%,"$855,845",
2018,K01,OD ORIP,11,4,36.4%,"$510,681",
2018,K01,ACTIVITY TOTAL,778,241,31.0%,"$35,047,107",
2018,K02,NIDCR,1,1,100.0%,"$149,246",
2018,K02,NINDS,1,0,0.0%,$0,
2018,K02,NIEHS,5,1,20.0%,"$122,513",
2018,K02,NIA,2,2,100.0%,"$314,340",
2018,K02,NIDA,8,1,12.5%,"$123,838",
2018,K02,ACTIVITY TOTAL,17,5,29.4%,"$709,937",
2018,K07,NCI,79,23,29.1%,"$3,522,417",
2018,K07,NIA,6,1,16.7%,"$127,531",
2018,K07,ACTIVITY TOTAL,85,24,28.2%,"$3,649,948",
2018,K08,NCI,125,46,36.8%,"$9,843,540",
2018,K08,NHLBI,106,47,44.3%,"$7,808,400",
2018,K08,NIDCR,12,7,58.3%,"$1,029,787",
2018,K08,NIDDK,60,23,38.3%,"$3,712,192",
2018,K08,NINDS,52,19,36.5%,"$3,589,359",
2018,K08,NIAID,64,21,32.8%,"$3,824,893",
2018,K08,NIGMS,14,8,57.1%,"$1,515,128",
2018,K08,NICHD,13,4,30.8%,"$664,423",
2018,K08,NEI,19,8,42.1%,"$1,457,399",
2018,K08,NIEHS,2,1,50.0%,"$211,550",
2018,K08,NIA,10,2,20.0%,"$336,324",
2018,K08,NIAMS,15,7,46.7%,"$1,197,946",
2018,K08,NIDCD,2,0,0.0%,$0,
2018,K08,NIMH,19,10,52.6%,"$1,944,961",
2018,K08,NIDA,5,3,60.0%,"$546,841",
2018,K08,NHGRI,4,2,50.0%,"$454,649",
2018,K08,NIBIB,2,0,0.0%,$0,
2018,K08,ACTIVITY TOTAL,524,208,39.7%,"$38,137,392",
2018,K12,NCI,9,6,66.7%,"$3,153,677",
2018,K12,NHLBI,12,11,91.7%,"$4,698,522",
2018,K12,NIDCR,9,3,33.3%,"$556,819",
2018,K12,NIDDK,2,2,100.0%,"$1,145,594",
2018,K12,NINDS,2,1,50.0%,"$709,409",
2018,K12,NIGMS,15,3,20.0%,"$1,626,291",
2018,K12,NICHD,18,9,50.0%,"$4,345,155",
2018,K12,NEI,4,4,100.0%,"$1,267,654",
2018,K12,NIDA,3,2,66.7%,"$1,069,065",
2018,K12,ACTIVITY TOTAL,74,41,55.4%,"$18,572,186",
2018,K18,NIDCR,2,0,0.0%,$0,
2018,K18,NIDCD,3,2,66.7%,"$164,722",
2018,K18,NIDA,5,2,40.0%,"$332,286",
2018,K18,NCCIH***,1,1,100.0%,"$50,000",
2018,K18,ACTIVITY TOTAL,11,5,45.5%,"$547,008",
2018,K22,NCI,137,18,13.1%,"$3,210,631",
2018,K22,NHLBI,15,5,33.3%,"$1,238,096",
2018,K22,NINDS,11,3,27.3%,"$255,061",
2018,K22,NIAID,51,14,27.5%,"$2,251,307",
2018,K22,ACTIVITY TOTAL,214,40,18.7%,"$6,955,095",
2018,K23,NCI,9,1,11.1%,"$173,556",
2018,K23,NHLBI,137,50,36.5%,"$8,957,091",
2018,K23,NIDCR,4,2,50.0%,"$321,761",
2018,K23,NIDDK,99,38,38.4%,"$7,020,682",
2018,K23,NINDS,54,15,27.8%,"$2,809,952",
2018,K23,NIAID,59,17,28.8%,"$3,249,004",
2018,K23,NIGMS,8,6,75.0%,"$1,113,054",
2018,K23,NICHD,50,20,40.0%,"$3,145,148",
2018,K23,NEI,14,5,35.7%,"$1,056,045",
2018,K23,NIEHS,2,0,0.0%,$0,
2018,K23,NIA,35,18,51.4%,"$3,249,084",
2018,K23,NIAMS,18,8,44.4%,"$1,255,889",
2018,K23,NIDCD,9,3,33.3%,"$515,654",
2018,K23,NIMH,99,36,36.4%,"$6,773,762",
2018,K23,NIDA,35,13,37.1%,"$2,413,749",
2018,K23,NIAAA,13,6,46.2%,"$1,039,895",
2018,K23,NINR,14,6,42.9%,"$860,997",
2018,K23,NIBIB,3,2,66.7%,"$363,598",
2018,K23,NCCIH***,8,6,75.0%,"$935,191",
2018,K23,NIMHD,1,1,100.0%,"$167,292",
2018,K23,ACTIVITY TOTAL,671,253,37.7%,"$45,421,404",
2018,K24,NHLBI,22,11,50.0%,"$1,257,439",
2018,K24,NIDDK,9,3,33.3%,"$463,742",
2018,K24,NIAID,22,8,36.4%,"$1,385,191",
2018,K24,NIA,4,4,100.0%,"$622,534",
2018,K24,NIAMS,4,4,100.0%,"$669,809",
2018,K24,NIDCD,1,0,0.0%,$0,
2018,K24,NIMH,4,3,75.0%,"$475,540",
2018,K24,NIDA,6,5,83.3%,"$818,644",
2018,K24,NIAAA,6,4,66.7%,"$738,631",
2018,K24,NINR,2,0,0.0%,$0,
2018,K24,NCCIH***,4,2,50.0%,"$368,686",
2018,K24,ACTIVITY TOTAL,84,44,52.4%,"$6,800,216",
2018,K25,NHLBI,11,2,18.2%,"$357,186",
2018,K25,NIDCR,3,1,33.3%,"$164,006",
2018,K25,NIDDK,2,1,50.0%,"$166,481",
2018,K25,NIAID,6,1,16.7%,"$107,880",
2018,K25,NIGMS,2,0,0.0%,$0,
2018,K25,NICHD,2,1,50.0%,"$127,773",
2018,K25,NIEHS,1,0,0.0%,$0,
2018,K25,NIA,4,1,25.0%,"$121,847",
2018,K25,NIAMS,1,0,0.0%,$0,
2018,K25,NIDA,2,0,0.0%,$0,
2018,K25,NIBIB,7,0,0.0%,$0,
2018,K25,ACTIVITY TOTAL,41,7,17.1%,"$1,045,173",
2018,K43,NCI,0,0,0.0%,"$154,152",
2018,K43,FIC,46,10,21.7%,"$824,374",
2018,K43,ACTIVITY TOTAL,46,10,21.7%,"$978,526",
2018,K76,NIA,28,10,35.7%,"$2,325,232",
2018,K76,ACTIVITY TOTAL,28,10,35.7%,"$2,325,232",
2018,K99,NCI,176,36,20.5%,"$4,388,750",
2018,K99,NHLBI,113,28,24.8%,"$3,341,524",
2018,K99,NIDCR,28,6,21.4%,"$704,790",
2018,K99,NIDDK,40,9,22.5%,"$766,351",
2018,K99,NINDS,60,15,25.0%,"$1,336,409",
2018,K99,NIAID,49,7,14.3%,"$877,557",
2018,K99,NIGMS,89,20,22.5%,"$1,790,721",
2018,K99,NICHD,75,27,36.0%,"$3,068,727",
2018,K99,NEI,46,16,34.8%,"$1,743,506",
2018,K99,NIEHS,38,10,26.3%,"$938,887",
2018,K99,NIA,75,18,24.0%,"$2,057,207",
2018,K99,NIAMS,15,2,13.3%,"$191,169",
2018,K99,NIDCD,18,4,22.2%,"$525,132",
2018,K99,NIMH,65,21,32.3%,"$2,482,737",
2018,K99,NIDA,42,10,23.8%,"$1,490,375",
2018,K99,NIAAA,20,10,50.0%,"$1,462,335",
2018,K99,NINR,8,4,50.0%,"$363,106",
2018,K99,NHGRI,14,9,64.3%,"$915,979",
2018,K99,NIBIB,26,5,19.2%,"$454,553",
2018,K99,NCCIH***,5,2,40.0%,"$215,587",
2018,K99,NIMHD,11,8,72.7%,"$924,891",
2018,K99,NLM,9,1,11.1%,"$127,305",
2018,K99,ACTIVITY TOTAL,"1,022",268,26.2%,"$30,167,598",
2018,KL2,NCATS**,16,16,100.0%,"$17,911,380",
2018,KL2,ACTIVITY TOTAL,16,16,100.0%,"$17,911,380",
2018,FY Total,,"3,611","1,172",32.5%,"$208,268,202",
2019,K01,NCI,24,2,8.3%,"$492,398",
2019,K01,NHLBI,88,40,45.5%,"$6,138,431",
2019,K01,NIDCR,4,3,75.0%,"$461,560",
2019,K01,NIDDK,144,30,20.8%,"$4,022,707",
2019,K01,NINDS,19,2,10.5%,"$429,229",
2019,K01,NIAID,32,11,34.4%,"$1,370,579",
2019,K01,NICHD,15,9,60.0%,"$1,184,009",
2019,K01,NIEHS,3,1,33.3%,"$165,128",
2019,K01,NIA,90,35,38.9%,"$4,358,276",
2019,K01,NIAMS,32,8,25.0%,"$912,066",
2019,K01,NIDCD,10,4,40.0%,"$533,548",
2019,K01,NIMH,99,31,31.3%,"$4,986,488",
2019,K01,NIDA,60,24,40.0%,"$4,104,409",
2019,K01,NIAAA,32,12,37.5%,"$1,880,950",
2019,K01,NINR,6,2,33.3%,"$136,111",
2019,K01,NHGRI,3,2,66.7%,"$319,018",
2019,K01,NIBIB,8,4,50.0%,"$600,230",
2019,K01,NCCIH***,4,1,25.0%,"$128,281",
2019,K01,NIMHD,16,3,18.8%,"$398,698",
2019,K01,FIC,21,5,23.8%,"$550,617",
2019,K01,NLM,10,2,20.0%,"$344,438",
2019,K01,OD ORIP,12,6,50.0%,"$775,811",
2019,K01,ACTIVITY TOTAL,732,237,32.4%,"$34,292,982",
2019,K02,NIDCR,3,1,33.3%,"$125,331",
2019,K02,NINDS,9,2,22.2%,"$393,842",
2019,K02,NIA,3,0,0.0%,$0,
2019,K02,NIDA,2,0,0.0%,$0,
2019,K02,NIAAA,4,2,50.0%,"$297,174",
2019,K02,ACTIVITY TOTAL,21,5,23.8%,"$816,347",
2019,K07,NIA,8,2,25.0%,"$324,000",
2019,K07,ACTIVITY TOTAL,8,2,25.0%,"$324,000",
2019,K08,NCI,146,52,35.6%,"$11,807,330",
2019,K08,NHLBI,92,56,60.9%,"$9,209,941",
2019,K08,NIDCR,12,3,25.0%,"$476,888",
2019,K08,NIDDK,62,24,38.7%,"$3,974,149",
2019,K08,NINDS,55,19,34.5%,"$3,610,929",
2019,K08,NIAID,57,28,49.1%,"$5,279,921",
2019,K08,NIGMS,11,6,54.5%,"$1,138,189",
2019,K08,NICHD,9,3,33.3%,"$489,149",
2019,K08,NEI,15,9,60.0%,"$1,883,773",
2019,K08,NIEHS,1,1,100.0%,"$211,736",
2019,K08,NIA,13,4,30.8%,"$659,404",
2019,K08,NIAMS,16,9,56.3%,"$1,534,298",
2019,K08,NIDCD,2,1,50.0%,"$171,198",
2019,K08,NIMH,16,10,62.5%,"$1,869,144",
2019,K08,NIDA,9,2,22.2%,"$385,344",
2019,K08,NIAAA,2,1,50.0%,"$186,922",
2019,K08,NHGRI,4,3,75.0%,"$481,263",
2019,K08,NIBIB,4,3,75.0%,"$578,815",
2019,K08,NCCIH***,2,0,0.0%,$0,
2019,K08,NIMHD,2,0,0.0%,$0,
2019,K08,ACTIVITY TOTAL,530,234,44.2%,"$43,948,393",
2019,K12,NCI,4,3,75.0%,"$1,827,799",
2019,K12,NIDDK,4,0,0.0%,$0,
2019,K12,NIDDK T1D,1,1,100.0%,"$425,401",
2019,K12,NIGMS,16,4,25.0%,"$2,922,990",
2019,K12,NICHD,1,1,100.0%,"$611,918",
2019,K12,ACTIVITY TOTAL,26,9,34.6%,"$5,788,108",
2019,K18,NIA,2,1,50.0%,"$126,363",
2019,K18,NIDCD,3,1,33.3%,"$191,748",
2019,K18,NIMH,2,0,0.0%,$0,
2019,K18,NIMHD,1,0,0.0%,$0,
2019,K18,ACTIVITY TOTAL,8,2,25.0%,"$318,111",
2019,K22,NCI,141,14,9.9%,"$2,652,739",
2019,K22,NHLBI,10,1,10.0%,"$249,000",
2019,K22,NIDCR,1,0,0.0%,$0,
2019,K22,NINDS,8,2,25.0%,"$226,205",
2019,K22,NIAID,43,12,27.9%,"$1,930,028",
2019,K22,ACTIVITY TOTAL,203,29,14.3%,"$5,057,972",
2019,K23,NHLBI,127,43,33.9%,"$7,613,342",
2019,K23,NIDCR,3,3,100.0%,"$474,309",
2019,K23,NIDDK,93,38,40.9%,"$7,037,763",
2019,K23,NINDS,66,18,27.3%,"$3,493,734",
2019,K23,NIAID,50,22,44.0%,"$4,230,498",
2019,K23,NIGMS,6,5,83.3%,"$971,559",
2019,K23,NICHD,51,24,47.1%,"$3,810,589",
2019,K23,NEI,12,4,33.3%,"$875,404",
2019,K23,NIEHS,7,5,71.4%,"$978,602",
2019,K23,NIA,44,16,36.4%,"$2,876,479",
2019,K23,NIAMS,25,9,36.0%,"$1,506,794",
2019,K23,NIDCD,10,4,40.0%,"$752,444",
2019,K23,NIMH,97,25,25.8%,"$4,454,570",
2019,K23,NIDA,39,12,30.8%,"$2,134,653",
2019,K23,NIAAA,13,5,38.5%,"$878,852",
2019,K23,NINR,18,8,44.4%,"$1,177,027",
2019,K23,NIBIB,1,0,0.0%,$0,
2019,K23,NCCIH***,6,4,66.7%,"$619,943",
2019,K23,NIMHD,9,6,66.7%,"$963,191",
2019,K23,ACTIVITY TOTAL,677,251,37.1%,"$44,849,753",
2019,K24,NHLBI,20,13,65.0%,"$1,495,066",
2019,K24,NIAID,26,11,42.3%,"$1,892,275",
2019,K24,NIEHS,1,0,0.0%,$0,
2019,K24,NIA,7,3,42.9%,"$541,524",
2019,K24,NIAMS,7,3,42.9%,"$544,974",
2019,K24,NIMH,2,1,50.0%,"$192,218",
2019,K24,NIDA,5,3,60.0%,"$576,088",
2019,K24,NIAAA,6,4,66.7%,"$774,434",
2019,K24,NINR,1,1,100.0%,"$112,295",
2019,K24,NCCIH***,2,1,50.0%,"$184,540",
2019,K24,ACTIVITY TOTAL,77,40,51.9%,"$6,313,414",
2019,K25,NHLBI,17,7,41.2%,"$1,181,821",
2019,K25,NIDCR,3,1,33.3%,"$168,480",
2019,K25,NIDDK,2,1,50.0%,"$171,720",
2019,K25,NIAID,1,0,0.0%,$0,
2019,K25,NICHD,4,1,25.0%,"$114,021",
2019,K25,NIEHS,2,0,0.0%,$0,
2019,K25,NIA,6,3,50.0%,"$432,076",
2019,K25,NIAMS,2,0,0.0%,$0,
2019,K25,NIDA,4,2,50.0%,"$330,221",
2019,K25,NIBIB,3,0,0.0%,$0,
2019,K25,ACTIVITY TOTAL,44,15,34.1%,"$2,398,339",
2019,K43,NCI,0,0,0.0%,"$75,000",
2019,K43,NIDCR,1,1,100.0%,"$86,253",
2019,K43,NINDS,0,0,0.0%,"$77,879",
2019,K43,NIMH,0,0,0.0%,"$100,000",
2019,K43,FIC,52,13,25.0%,"$822,857",
2019,K43,ACTIVITY TOTAL,53,14,26.4%,"$1,161,989",
2019,K76,NIA,40,12,30.0%,"$2,899,587",
2019,K76,ACTIVITY TOTAL,40,12,30.0%,"$2,899,587",
2019,K99,NCI,182,22,12.1%,"$2,507,819",
2019,K99,NHLBI,112,33,29.5%,"$4,096,354",
2019,K99,NIDCR,19,7,36.8%,"$930,350",
2019,K99,NIDDK,66,10,15.2%,"$914,999",
2019,K99,NINDS,56,11,19.6%,"$1,062,753",
2019,K99,NIAID,68,13,19.1%,"$1,573,001",
2019,K99,NIGMS,111,20,18.0%,"$1,949,791",
2019,K99,NICHD,76,26,34.2%,"$2,980,319",
2019,K99,NEI,33,12,36.4%,"$1,374,991",
2019,K99,NIEHS,34,9,26.5%,"$893,721",
2019,K99,NIA,90,24,26.7%,"$2,880,240",
2019,K99,NIAMS,15,3,20.0%,"$281,227",
2019,K99,NIDCD,17,4,23.5%,"$502,704",
2019,K99,NIMH,70,25,35.7%,"$2,741,780",
2019,K99,NIDA,51,16,31.4%,"$2,409,260",
2019,K99,NIAAA,16,5,31.3%,"$690,455",
2019,K99,NINR,8,2,25.0%,"$182,685",
2019,K99,NHGRI,14,8,57.1%,"$974,230",
2019,K99,NIBIB,22,5,22.7%,"$452,816",
2019,K99,NCCIH***,5,2,40.0%,"$252,180",
2019,K99,NIMHD,6,0,0.0%,$0,
2019,K99,NLM,12,3,25.0%,"$271,005",
2019,K99,ACTIVITY TOTAL,"1,083",260,24.0%,"$29,922,680",
2019,KL2,NCATS**,8,8,100.0%,"$9,967,584",
2019,KL2,ACTIVITY TOTAL,8,8,100.0%,"$9,967,584",
2019,FY Total,,"3,510","1,118",31.9%,"$188,059,259",
2020,K01,NCI,15,8,53.3%,"$1,286,345",
2020,K01,NHLBI,90,32,35.6%,"$4,834,858",
2020,K01,NIDCR,4,1,25.0%,"$186,840",
2020,K01,NIDDK,119,39,32.8%,"$5,488,068",
2020,K01,NINDS,17,5,29.4%,"$953,525",
2020,K01,NIAID,21,9,42.9%,"$1,176,812",
2020,K01,NICHD,10,2,20.0%,"$261,385",
2020,K01,NIEHS,10,6,60.0%,"$954,048",
2020,K01,NIA,92,27,29.3%,"$3,378,761",
2020,K01,NIAMS,32,8,25.0%,"$1,011,702",
2020,K01,NIDCD,8,3,37.5%,"$364,161",
2020,K01,NIMH,75,29,38.7%,"$4,789,257",
2020,K01,NIDA,75,22,29.3%,"$3,533,765",
2020,K01,NIAAA,32,15,46.9%,"$2,711,491",
2020,K01,NINR,5,1,20.0%,"$91,707",
2020,K01,NHGRI,3,2,66.7%,"$306,677",
2020,K01,NIBIB,2,2,100.0%,"$278,158",
2020,K01,NCCIH***,10,3,30.0%,"$405,850",
2020,K01,NIMHD,36,15,41.7%,"$1,910,232",
2020,K01,FIC,17,6,35.3%,"$713,107",
2020,K01,NLM,5,0,0.0%,$0,
2020,K01,OD ORIP,13,5,38.5%,"$622,265",
2020,K01,ACTIVITY TOTAL,691,240,34.7%,"$35,259,014",
2020,K02,NIDCR,3,0,0.0%,$0,
2020,K02,NINDS,6,2,33.3%,"$383,783",
2020,K02,NIA,7,4,57.1%,"$528,454",
2020,K02,NIDA,3,0,0.0%,$0,
2020,K02,NIAAA,2,0,0.0%,$0,
2020,K02,ACTIVITY TOTAL,21,6,28.6%,"$912,237",
2020,K07,NIA,9,6,66.7%,"$915,697",
2020,K07,ACTIVITY TOTAL,9,6,66.7%,"$915,697",
2020,K08,NCI,172,65,37.8%,"$15,281,922",
2020,K08,NHLBI,92,45,48.9%,"$7,041,075",
2020,K08,NIDCR,14,5,35.7%,"$839,705",
2020,K08,NIDDK,66,28,42.4%,"$4,694,295",
2020,K08,NINDS,59,18,30.5%,"$3,483,860",
2020,K08,NIAID,41,19,46.3%,"$3,550,802",
2020,K08,NIGMS,8,6,75.0%,"$1,114,375",
2020,K08,NICHD,11,5,45.5%,"$819,390",
2020,K08,NEI,22,10,45.5%,"$2,135,577",
2020,K08,NIEHS,1,1,100.0%,"$221,942",
2020,K08,NIA,16,8,50.0%,"$1,303,606",
2020,K08,NIAMS,20,6,30.0%,"$966,100",
2020,K08,NIDCD,2,1,50.0%,"$190,080",
2020,K08,NIMH,15,8,53.3%,"$1,545,065",
2020,K08,NIDA,9,4,44.4%,"$771,919",
2020,K08,NIAAA,6,1,16.7%,"$194,184",
2020,K08,NHGRI,2,1,50.0%,"$167,251",
2020,K08,NIBIB,3,1,33.3%,"$185,630",
2020,K08,NCCIH***,2,0,0.0%,$0,
2020,K08,NIMHD,2,0,0.0%,$0,
2020,K08,ACTIVITY TOTAL,563,232,41.2%,"$44,506,778",
2020,K12,NCI,8,4,50.0%,"$3,146,394",
2020,K12,NIDDK,2,0,0.0%,$0,
2020,K12,NINDS,1,0,0.0%,$0,
2020,K12,NIAID,0,0,0.0%,"$500,000",
2020,K12,NIGMS,10,4,40.0%,"$2,879,762",
2020,K12,NICHD,38,18,47.4%,"$4,573,344",
2020,K12,NEI,1,1,100.0%,"$531,415",
2020,K12,NIDA,3,2,66.7%,"$1,719,006",
2020,K12,NIAAA,0,0,0.0%,"$100,000",
2020,K12,ACTIVITY TOTAL,63,29,46.0%,"$13,449,921",
2020,K18,NIDCR,2,1,50.0%,"$94,393",
2020,K18,NIA,1,0,0.0%,$0,
2020,K18,NIDCD,2,1,50.0%,"$124,682",
2020,K18,NIMH,8,4,50.0%,"$671,484",
2020,K18,NIDA,1,0,0.0%,$0,
2020,K18,ACTIVITY TOTAL,14,6,42.9%,"$890,559",
2020,K22,NCI,125,20,16.0%,"$3,628,680",
2020,K22,NHLBI,10,3,30.0%,"$747,000",
2020,K22,NIDCR,2,0,0.0%,$0,
2020,K22,NINDS,6,3,50.0%,"$275,769",
2020,K22,NIAID,52,14,26.9%,"$2,250,186",
2020,K22,NIMH,2,0,0.0%,$0,
2020,K22,ACTIVITY TOTAL,197,40,20.3%,"$6,901,635",
2020,K23,NHLBI,175,75,42.9%,"$13,407,457",
2020,K23,NIDCR,3,0,0.0%,$0,
2020,K23,NIDDK,83,39,47.0%,"$7,297,477",
2020,K23,NINDS,68,15,22.1%,"$2,894,807",
2020,K23,NIAID,36,8,22.2%,"$1,554,303",
2020,K23,NIGMS,6,4,66.7%,"$689,880",
2020,K23,NICHD,57,26,45.6%,"$4,099,226",
2020,K23,NEI,11,3,27.3%,"$699,989",
2020,K23,NIEHS,3,0,0.0%,$0,
2020,K23,NIA,54,22,40.7%,"$3,863,605",
2020,K23,NIAMS,30,9,30.0%,"$1,379,122",
2020,K23,NIDCD,7,5,71.4%,"$878,851",
2020,K23,NIMH,107,40,37.4%,"$7,238,679",
2020,K23,NIDA,50,13,26.0%,"$2,435,183",
2020,K23,NIAAA,20,8,40.0%,"$1,563,248",
2020,K23,NINR,27,10,37.0%,"$1,329,864",
2020,K23,NIBIB,1,0,0.0%,$0,
2020,K23,NCCIH***,16,7,43.8%,"$1,010,395",
2020,K23,NIMHD,17,7,41.2%,"$1,136,241",
2020,K23,ACTIVITY TOTAL,771,291,37.7%,"$51,478,327",
2020,K24,NHLBI,21,12,57.1%,"$1,433,992",
2020,K24,NIAID,25,12,48.0%,"$2,064,898",
2020,K24,NIEHS,1,1,100.0%,"$163,581",
2020,K24,NIA,16,11,68.8%,"$1,902,133",
2020,K24,NIAMS,7,2,28.6%,"$253,476",
2020,K24,NIDCD,2,1,50.0%,"$183,209",
2020,K24,NIMH,8,1,12.5%,"$181,291",
2020,K24,NIDA,11,4,36.4%,"$641,613",
2020,K24,NINR,1,1,100.0%,"$126,020",
2020,K24,NCCIH***,1,0,0.0%,$0,
2020,K24,ACTIVITY TOTAL,93,45,48.4%,"$6,950,213",
2020,K25,NHLBI,16,7,43.8%,"$1,150,739",
2020,K25,NIDCR,1,1,100.0%,"$156,758",
2020,K25,NIDDK,2,0,0.0%,$0,
2020,K25,NIAID,3,2,66.7%,"$229,497",
2020,K25,NICHD,5,1,20.0%,"$114,184",
2020,K25,NIEHS,3,1,33.3%,"$153,111",
2020,K25,NIA,5,0,0.0%,$0,
2020,K25,NIAMS,4,0,0.0%,$0,
2020,K25,NIDA,3,2,66.7%,"$365,387",
2020,K25,NIBIB,2,1,50.0%,"$128,358",
2020,K25,ACTIVITY TOTAL,44,15,34.1%,"$2,298,034",
2020,K38,NHLBI,2,2,100.0%,"$227,038",
2020,K38,ACTIVITY TOTAL,2,2,100.0%,"$227,038",
2020,K43,NCI,0,0,0.0%,"$50,000",
2020,K43,NINDS,0,0,0.0%,"$50,000",
2020,K43,FIC,43,9,20.9%,"$826,020",
2020,K43,ACTIVITY TOTAL,43,9,20.9%,"$926,020",
2020,K76,NIA,33,9,27.3%,"$2,155,872",
2020,K76,ACTIVITY TOTAL,33,9,27.3%,"$2,155,872",
2020,K99,NCI,256,46,18.0%,"$5,971,654",
2020,K99,NHLBI,133,31,23.3%,"$4,269,580",
2020,K99,NIDCR,23,5,21.7%,"$526,535",
2020,K99,NIDDK,49,8,16.3%,"$732,000",
2020,K99,NINDS,99,29,29.3%,"$3,175,902",
2020,K99,NIAID,63,14,22.2%,"$1,602,486",
2020,K99,NIGMS,103,28,27.2%,"$2,737,925",
2020,K99,NICHD,61,17,27.9%,"$2,074,670",
2020,K99,NEI,54,19,35.2%,"$2,086,827",
2020,K99,NIEHS,38,8,21.1%,"$801,444",
2020,K99,NIA,95,32,33.7%,"$3,783,390",
2020,K99,NIAMS,17,2,11.8%,"$174,253",
2020,K99,NIDCD,15,8,53.3%,"$919,926",
2020,K99,NIMH,60,13,21.7%,"$1,496,975",
2020,K99,NIDA,36,10,27.8%,"$1,490,876",
2020,K99,NIAAA,29,8,27.6%,"$1,138,197",
2020,K99,NINR,10,6,60.0%,"$499,716",
2020,K99,NHGRI,12,6,50.0%,"$719,984",
2020,K99,NIBIB,20,6,30.0%,"$562,092",
2020,K99,NCCIH***,4,0,0.0%,$0,
2020,K99,NIMHD,8,1,12.5%,"$103,817",
2020,K99,NLM,4,2,50.0%,"$186,267",
2020,K99,ACTIVITY TOTAL,"1,189",299,25.1%,"$35,054,516",
2020,KL2,NCATS**,12,12,100.0%,"$8,404,653",
2020,KL2,ACTIVITY TOTAL,12,12,100.0%,"$8,404,653",
2020,FY Total,,"3,745","1,241",33.1%,"$210,330,514",
2021,K01,NCI,27,10,37.0%,"$1,600,981",
2021,K01,NHLBI,95,33,34.7%,"$5,166,251",
2021,K01,NIDCR,6,2,33.3%,"$292,027",
2021,K01,NIDDK,120,41,34.2%,"$5,723,690",
2021,K01,NINDS,24,8,33.3%,"$1,579,904",
2021,K01,NIAID,34,11,32.4%,"$1,428,275",
2021,K01,NICHD,19,4,21.1%,"$543,879",
2021,K01,NIEHS,6,3,50.0%,"$428,079",
2021,K01,NIA,98,35,35.7%,"$4,379,292",
2021,K01,NIAMS,29,6,20.7%,"$646,179",
2021,K01,NIDCD,12,3,25.0%,"$396,155",
2021,K01,NIMH,73,19,26.0%,"$3,188,867",
2021,K01,NIDA,70,20,28.6%,"$3,572,145",
2021,K01,NIAAA,22,8,36.4%,"$1,297,750",
2021,K01,NINR,4,1,25.0%,"$88,056",
2021,K01,NHGRI,4,4,100.0%,"$699,596",
2021,K01,NIBIB,5,2,40.0%,"$233,150",
2021,K01,NCCIH***,9,1,11.1%,"$131,085",
2021,K01,NIMHD,28,8,28.6%,"$1,038,534",
2021,K01,FIC,32,6,18.8%,"$1,032,862",
2021,K01,OD ORIP,18,8,44.4%,"$1,116,573",
2021,K01,ACTIVITY TOTAL,735,233,31.7%,"$34,583,330",
2021,K02,NIDCR,2,0,0.0%,$0,
2021,K02,NINDS,2,0,0.0%,$0,
2021,K02,NIA,3,2,66.7%,"$255,797",
2021,K02,NIDA,6,1,16.7%,"$128,304",
2021,K02,NIAAA,3,2,66.7%,"$277,181",
2021,K02,ACTIVITY TOTAL,16,5,31.3%,"$661,282",
2021,K07,NIA,8,4,50.0%,"$564,988",
2021,K07,ACTIVITY TOTAL,8,4,50.0%,"$564,988",
2021,K08,NCI,187,49,26.2%,"$10,997,506",
2021,K08,NHLBI,101,37,36.6%,"$6,023,733",
2021,K08,NIDCR,12,7,58.3%,"$1,027,374",
2021,K08,NIDDK,61,28,45.9%,"$4,567,599",
2021,K08,NINDS,51,16,31.4%,"$3,127,805",
2021,K08,NIAID,48,23,47.9%,"$4,260,326",
2021,K08,NIGMS,3,3,100.0%,"$558,079",
2021,K08,NICHD,10,2,20.0%,"$310,341",
2021,K08,NEI,21,9,42.9%,"$1,948,915",
2021,K08,NIEHS,1,0,0.0%,$0,
2021,K08,NIA,18,9,50.0%,"$1,494,639",
2021,K08,NIAMS,19,11,57.9%,"$1,874,342",
2021,K08,NIDCD,5,5,100.0%,"$943,357",
2021,K08,NIMH,16,8,50.0%,"$1,486,989",
2021,K08,NIDA,6,2,33.3%,"$382,372",
2021,K08,NIAAA,8,4,50.0%,"$679,069",
2021,K08,NIBIB,1,0,0.0%,$0,
2021,K08,NCCIH***,3,0,0.0%,$0,
2021,K08,NIMHD,5,1,20.0%,"$65,325",
2021,K08,ACTIVITY TOTAL,576,214,37.2%,"$39,747,771",
2021,K12,NCI,16,5,31.3%,"$2,998,736",
2021,K12,NIDDK,4,2,50.0%,"$800,000",
2021,K12,NINDS,1,1,100.0%,"$1,324,569",
2021,K12,NIGMS,7,4,57.1%,"$4,502,258",
2021,K12,NICHD,12,5,41.7%,"$1,739,222",
2021,K12,NEI,3,3,100.0%,"$1,534,685",
2021,K12,NIDA,1,0,0.0%,$0,
2021,K12,ACTIVITY TOTAL,44,20,45.5%,"$12,899,470",
2021,K18,NCI,1,0,0.0%,$0,
2021,K18,NIDCR,3,1,33.3%,"$143,609",
2021,K18,NIDCD,2,2,100.0%,"$461,425",
2021,K18,NIMH,2,1,50.0%,"$133,494",
2021,K18,NIMHD,1,0,0.0%,$0,
2021,K18,ACTIVITY TOTAL,9,4,44.4%,"$738,528",
2021,K22,NCI,114,18,15.8%,"$3,348,945",
2021,K22,NHLBI,8,0,0.0%,$0,
2021,K22,NIDCR,2,0,0.0%,$0,
2021,K22,NINDS,6,4,66.7%,"$479,728",
2021,K22,NIAID,43,13,30.2%,"$2,087,160",
2021,K22,NIA,2,2,100.0%,"$248,514",
2021,K22,NIMH,2,0,0.0%,$0,
2021,K22,ACTIVITY TOTAL,177,37,20.9%,"$6,164,347",
2021,K23,NHLBI,140,59,42.1%,"$10,749,458",
2021,K23,NIDCR,6,5,83.3%,"$713,411",
2021,K23,NIDDK,96,35,36.5%,"$6,540,890",
2021,K23,NINDS,83,23,27.7%,"$4,409,667",
2021,K23,NIAID,49,22,44.9%,"$4,220,044",
2021,K23,NIGMS,3,3,100.0%,"$544,810",
2021,K23,NICHD,73,14,19.2%,"$2,249,305",
2021,K23,NEI,15,6,40.0%,"$1,371,279",
2021,K23,NIEHS,3,2,66.7%,"$446,114",
2021,K23,NIA,63,28,44.4%,"$5,036,302",
2021,K23,NIAMS,29,12,41.4%,"$1,854,208",
2021,K23,NIDCD,5,3,60.0%,"$577,345",
2021,K23,NIMH,96,39,40.6%,"$7,099,483",
2021,K23,NIDA,55,20,36.4%,"$3,823,233",
2021,K23,NIAAA,13,9,69.2%,"$1,598,644",
2021,K23,NINR,26,9,34.6%,"$1,394,471",
2021,K23,NCCIH***,14,2,14.3%,"$288,915",
2021,K23,NIMHD,20,9,45.0%,"$1,481,533",
2021,K23,ACTIVITY TOTAL,789,300,38.0%,"$54,399,112",
2021,K24,NHLBI,26,13,50.0%,"$1,541,006",
2021,K24,NINDS,5,5,100.0%,"$1,596,735",
2021,K24,NIAID,14,6,42.9%,"$1,036,614",
2021,K24,NIA,20,14,70.0%,"$2,517,743",
2021,K24,NIAMS,9,4,44.4%,"$755,381",
2021,K24,NIDCD,3,3,100.0%,"$551,264",
2021,K24,NIMH,9,6,66.7%,"$942,984",
2021,K24,NIDA,7,5,71.4%,"$972,272",
2021,K24,NIAAA,1,0,0.0%,$0,
2021,K24,NCCIH***,2,2,100.0%,"$273,493",
2021,K24,ACTIVITY TOTAL,96,58,60.4%,"$10,187,492",
2021,K25,NCI,1,0,0.0%,$0,
2021,K25,NHLBI,11,3,27.3%,"$488,646",
2021,K25,NIDCR,1,0,0.0%,$0,
2021,K25,NIDDK,4,1,25.0%,"$169,246",
2021,K25,NIAID,2,0,0.0%,$0,
2021,K25,NIGMS,1,1,100.0%,"$155,880",
2021,K25,NICHD,2,2,100.0%,"$250,297",
2021,K25,NIEHS,1,0,0.0%,$0,
2021,K25,NIA,10,6,60.0%,"$827,011",
2021,K25,NIAMS,3,1,33.3%,"$131,894",
2021,K25,NIDA,2,0,0.0%,$0,
2021,K25,NIBIB,5,1,20.0%,"$178,674",
2021,K25,ACTIVITY TOTAL,43,15,34.9%,"$2,201,648",
2021,K38,NHLBI,1,1,100.0%,"$119,318",
2021,K38,NIAID,1,1,100.0%,"$108,886",
2021,K38,ACTIVITY TOTAL,2,2,100.0%,"$228,204",
2021,K43,NCI,1,1,100.0%,"$260,900",
2021,K43,NHLBI,1,1,100.0%,"$206,505",
2021,K43,NIMH,0,0,0.0%,"$200,000",
2021,K43,FIC,55,13,23.6%,"$812,570",
2021,K43,ACTIVITY TOTAL,57,15,26.3%,"$1,479,975",
2021,K76,NIA,31,12,38.7%,"$2,915,667",
2021,K76,ACTIVITY TOTAL,31,12,38.7%,"$2,915,667",
2021,K99,NCI,256,45,17.6%,"$5,967,924",
2021,K99,NHLBI,139,36,25.9%,"$4,831,804",
2021,K99,NIDCR,38,8,21.1%,"$992,634",
2021,K99,NIDDK,64,11,17.2%,"$997,620",
2021,K99,NINDS,108,23,21.3%,"$2,711,788",
2021,K99,NIAID,77,15,19.5%,"$1,698,985",
2021,K99,NIGMS,161,42,26.1%,"$4,084,172",
2021,K99,NICHD,92,29,31.5%,"$3,499,026",
2021,K99,NEI,45,16,35.6%,"$1,768,223",
2021,K99,NIEHS,45,12,26.7%,"$1,235,385",
2021,K99,NIA,95,35,36.8%,"$3,987,110",
2021,K99,NIAMS,43,5,11.6%,"$457,281",
2021,K99,NIDCD,14,5,35.7%,"$600,406",
2021,K99,NIMH,79,18,22.8%,"$2,010,431",
2021,K99,NIDA,38,6,15.8%,"$936,306",
2021,K99,NIAAA,36,13,36.1%,"$1,965,988",
2021,K99,NINR,12,2,16.7%,"$175,106",
2021,K99,NHGRI,21,13,61.9%,"$1,636,978",
2021,K99,NIBIB,27,5,18.5%,"$448,650",
2021,K99,NCCIH***,5,2,40.0%,"$204,851",
2021,K99,NIMHD,17,6,35.3%,"$624,917",
2021,K99,NLM,6,2,33.3%,"$167,631",
2021,K99,ACTIVITY TOTAL,"1,418",349,24.6%,"$41,003,216",
2021,KL2,NCATS**,10,10,100.0%,"$12,613,106",
2021,KL2,ACTIVITY TOTAL,10,10,100.0%,"$12,613,106",
2021,FY Total,,"4,011","1,278",31.9%,"$220,388,136",
2022,K01,NCI,16,3,18.8%,"$479,061",
2022,K01,NHLBI,108,26,24.1%,"$3,821,309",
2022,K01,NIDCR,7,3,42.9%,"$414,178",
2022,K01,NIDDK,100,28,28.0%,"$3,869,860",
2022,K01,NINDS,25,8,32.0%,"$1,634,344",
2022,K01,NIAID,30,11,36.7%,"$1,405,690",
2022,K01,NICHD,15,4,26.7%,"$525,987",
2022,K01,NIEHS,14,4,28.6%,"$589,037",
2022,K01,NIA,97,56,57.7%,"$7,201,444",
2022,K01,NIAMS,29,7,24.1%,"$852,494",
2022,K01,NIDCD,10,4,40.0%,"$518,900",
2022,K01,NIMH,76,31,40.8%,"$5,409,767",
2022,K01,NIDA,72,28,38.9%,"$4,894,152",
2022,K01,NIAAA,27,13,48.1%,"$2,102,793",
2022,K01,NINR,4,3,75.0%,"$454,771",
2022,K01,NHGRI,1,1,100.0%,"$168,861",
2022,K01,NIBIB,3,1,33.3%,"$157,836",
2022,K01,NCCIH***,14,3,21.4%,"$400,969",
2022,K01,NIMHD***,35,17,48.6%,"$2,234,616",
2022,K01,FIC,7,7,100.0%,"$1,231,729",
2022,K01,OD ORIP,11,8,72.7%,"$1,155,643",
2022,K01,ACTIVITY TOTAL,701,266,37.9%,"$39,523,441",
2022,K02,NIDCR,2,1,50.0%,"$131,252",
2022,K02,NINDS,1,0,0.0%,$0,
2022,K02,NIA,3,1,33.3%,"$144,755",
2022,K02,NIDA,10,1,10.0%,"$121,185",
2022,K02,ACTIVITY TOTAL,16,3,18.8%,"$397,192",
2022,K07,NIA,6,2,33.3%,"$307,018",
2022,K07,ACTIVITY TOTAL,6,2,33.3%,"$307,018",
2022,K08,NCI,198,61,30.8%,"$13,907,944",
2022,K08,NHLBI,109,40,36.7%,"$6,465,684",
2022,K08,NIDCR,9,4,44.4%,"$559,961",
2022,K08,NIDDK,70,31,44.3%,"$5,165,481",
2022,K08,NINDS,55,19,34.5%,"$3,731,365",
2022,K08,NIAID,47,16,34.0%,"$3,022,170",
2022,K08,NIGMS,2,1,50.0%,"$176,345",
2022,K08,NICHD,14,5,35.7%,"$809,871",
2022,K08,NEI,14,7,50.0%,"$1,527,334",
2022,K08,NIEHS,1,1,100.0%,"$234,038",
2022,K08,NIA,8,3,37.5%,"$491,011",
2022,K08,NIAMS,27,14,51.9%,"$2,345,612",
2022,K08,NIDCD,2,2,100.0%,"$393,186",
2022,K08,NIMH,16,8,50.0%,"$1,450,105",
2022,K08,NIDA,6,3,50.0%,"$548,658",
2022,K08,NIAAA,8,7,87.5%,"$1,328,309",
2022,K08,NHGRI,2,1,50.0%,"$221,382",
2022,K08,NIBIB,3,2,66.7%,"$355,737",
2022,K08,NCCIH***,1,1,100.0%,"$144,083",
2022,K08,NIMHD***,4,3,75.0%,"$457,552",
2022,K08,ACTIVITY TOTAL,596,229,38.4%,"$43,335,828",
2022,K12,NCI,15,5,33.3%,"$3,197,055",
2022,K12,NIDDK,1,0,0.0%,$0,
2022,K12,NIDDK T1D,1,1,100.0%,"$2,579,672",
2022,K12,NINDS,1,1,100.0%,"$3,202,476",
2022,K12,NIAID,0,0,0.0%,"$375,000",
2022,K12,NIGMS,5,4,80.0%,"$2,810,195",
2022,K12,NICHD,16,3,18.8%,"$270,195",
2022,K12,NEI,2,2,100.0%,"$854,257",
2022,K12,NIEHS,7,3,42.9%,"$1,302,073",
2022,K12,NIDA,5,3,60.0%,"$1,166,819",
2022,K12,NIAAA,0,0,0.0%,"$100,000",
2022,K12,ACTIVITY TOTAL,53,22,41.5%,"$15,857,742",
2022,K18,NIDCR,1,0,0.0%,$0,
2022,K18,NIEHS,1,0,0.0%,$0,
2022,K18,NIDCD,2,0,0.0%,$0,
2022,K18,ACTIVITY TOTAL,4,0,0.0%,$0,
2022,K22,NCI,110,24,21.8%,"$4,388,327",
2022,K22,NHLBI,5,1,20.0%,"$249,000",
2022,K22,NIDCR,2,0,0.0%,$0,
2022,K22,NINDS,2,0,0.0%,$0,
2022,K22,NIAID,27,7,25.9%,"$1,133,265",
2022,K22,NIMH,2,0,0.0%,$0,
2022,K22,ACTIVITY TOTAL,148,32,21.6%,"$5,770,592",
2022,K23,NHLBI,176,60,34.1%,"$10,851,747",
2022,K23,NIDCR,7,0,0.0%,$0,
2022,K23,NIDDK,92,43,46.7%,"$7,998,187",
2022,K23,NINDS,72,24,33.3%,"$4,534,972",
2022,K23,NIAID,34,18,52.9%,"$3,466,431",
2022,K23,NIGMS,7,3,42.9%,"$535,272",
2022,K23,NICHD,79,25,31.6%,"$3,940,186",
2022,K23,NEI,19,9,47.4%,"$2,030,523",
2022,K23,NIEHS,3,0,0.0%,$0,
2022,K23,NIA,52,17,32.7%,"$2,941,567",
2022,K23,NIAMS,31,12,38.7%,"$1,922,906",
2022,K23,NIDCD,13,5,38.5%,"$830,205",
2022,K23,NIMH,108,41,38.0%,"$7,786,875",
2022,K23,NIDA,49,17,34.7%,"$3,226,212",
2022,K23,NIAAA,10,4,40.0%,"$716,451",
2022,K23,NINR,22,9,40.9%,"$1,365,873",
2022,K23,NIBIB,2,1,50.0%,"$165,601",
2022,K23,NCCIH***,16,6,37.5%,"$1,034,698",
2022,K23,NIMHD***,19,15,78.9%,"$2,377,783",
2022,K23,ACTIVITY TOTAL,811,309,38.1%,"$55,725,489",
2022,K24,NHLBI,20,11,55.0%,"$1,331,334",
2022,K24,NINDS,2,0,0.0%,$0,
2022,K24,NIAID,10,6,60.0%,"$1,069,715",
2022,K24,NIA,10,9,90.0%,"$1,360,053",
2022,K24,NIAMS,7,5,71.4%,"$848,771",
2022,K24,NIDCD,1,0,0.0%,$0,
2022,K24,NIMH,6,0,0.0%,$0,
2022,K24,NIDA,3,1,33.3%,"$194,400",
2022,K24,NIAAA,2,2,100.0%,"$350,400",
2022,K24,NINR,2,1,50.0%,"$165,926",
2022,K24,NCCIH***,1,1,100.0%,"$182,118",
2022,K24,ACTIVITY TOTAL,64,36,56.3%,"$5,502,717",
2022,K25,NCI,3,0,0.0%,$0,
2022,K25,NHLBI,14,2,14.3%,"$235,585",
2022,K25,NIDCR,2,0,0.0%,$0,
2022,K25,NIDDK,3,1,33.3%,"$125,831",
2022,K25,NIAID,4,1,25.0%,"$114,345",
2022,K25,NICHD,2,1,50.0%,"$130,530",
2022,K25,NIEHS,2,1,50.0%,"$113,022",
2022,K25,NIA,4,3,75.0%,"$398,917",
2022,K25,NIAMS,3,1,33.3%,"$136,546",
2022,K25,NIDA,3,1,33.3%,"$178,027",
2022,K25,NIAAA,1,1,100.0%,"$164,006",
2022,K25,NIBIB,3,1,33.3%,"$172,852",
2022,K25,ACTIVITY TOTAL,44,13,29.5%,"$1,769,661",
2022,K38,NHLBI,4,2,50.0%,"$222,955",
2022,K38,ACTIVITY TOTAL,4,2,50.0%,"$222,955",
2022,K43,NCI,0,0,0.0%,"$131,699",
2022,K43,NIMH,0,0,0.0%,"$150,000",
2022,K43,FIC,37,10,27.0%,"$663,321",
2022,K43,ACTIVITY TOTAL,37,10,27.0%,"$945,020",
2022,K76,NIA,20,12,60.0%,"$2,846,321",
2022,K76,ACTIVITY TOTAL,20,12,60.0%,"$2,846,321",
2022,K99,NCI,236,42,17.8%,"$5,398,961",
2022,K99,NHLBI,174,41,23.6%,"$5,354,922",
2022,K99,NIDCR,36,10,27.8%,"$1,191,137",
2022,K99,NIDDK,70,12,17.1%,"$1,088,460",
2022,K99,NINDS,133,29,21.8%,"$3,506,704",
2022,K99,NIAID,89,22,24.7%,"$2,516,949",
2022,K99,NIGMS,161,46,28.6%,"$4,556,957",
2022,K99,NICHD,96,27,28.1%,"$3,284,649",
2022,K99,NEI,44,9,20.5%,"$1,042,231",
2022,K99,NIEHS,51,10,19.6%,"$1,057,598",
2022,K99,NIA,129,44,34.1%,"$5,278,620",
2022,K99,NIAMS,39,12,30.8%,"$1,190,073",
2022,K99,NIDCD,21,7,33.3%,"$813,583",
2022,K99,NIMH,93,21,22.6%,"$2,502,729",
2022,K99,NIDA,57,10,17.5%,"$1,528,484",
2022,K99,NIAAA,37,18,48.6%,"$2,736,707",
2022,K99,NINR,12,1,8.3%,"$129,654",
2022,K99,NHGRI,18,10,55.6%,"$1,189,396",
2022,K99,NIBIB,22,6,27.3%,"$602,010",
2022,K99,NCCIH***,6,0,0.0%,$0,
2022,K99,NIMHD***,19,7,36.8%,"$817,640",
2022,K99,NLM,8,1,12.5%,"$89,644",
2022,K99,ACTIVITY TOTAL,"1,551",385,24.8%,"$45,877,108",
2022,KL2,NCATS**,13,13,100.0%,"$16,104,978",
2022,KL2,ACTIVITY TOTAL,13,13,100.0%,"$16,104,978",
2022,FY Total,,"4,068","1,334",32.8%,"$234,186,062",
2023,K01,NCI,19,7,36.8%,"$1,036,852",
2023,K01,NHLBI,105,37,35.2%,"$5,875,109",
2023,K01,NIDCR,10,2,20.0%,"$299,176",
2023,K01,NIDDK,100,32,32.0%,"$4,641,061",
2023,K01,NINDS,10,3,30.0%,"$737,208",
2023,K01,NIAID,24,10,41.7%,"$1,281,096",
2023,K01,NICHD,23,9,39.1%,"$1,076,800",
2023,K01,NIEHS,14,2,14.3%,"$339,811",
2023,K01,NIA,84,46,54.8%,"$5,880,451",
2023,K01,NIAMS,26,9,34.6%,"$1,107,702",
2023,K01,NIDCD,6,2,33.3%,"$228,072",
2023,K01,NIMH,68,26,38.2%,"$4,467,301",
2023,K01,NIDA,55,26,47.3%,"$4,642,877",
2023,K01,NIAAA,19,4,21.1%,"$668,546",
2023,K01,NINR,2,0,0.0%,$0,
2023,K01,NHGRI,4,3,75.0%,"$504,543",
2023,K01,NIBIB,5,1,20.0%,"$159,840",
2023,K01,NCCIH***,12,4,33.3%,"$539,207",
2023,K01,NIMHD***,25,11,44.0%,"$1,419,903",
2023,K01,FIC,19,5,26.3%,"$867,209",
2023,K01,OD ORIP,7,5,71.4%,"$699,556",
2023,K01,ACTIVITY TOTAL,637,244,38.3%,"$36,472,320",
2023,K02,NINDS,4,0,0.0%,$0,
2023,K02,NIA,4,2,50.0%,"$303,449",
2023,K02,NIDA,3,2,66.7%,"$256,386",
2023,K02,ACTIVITY TOTAL,11,4,36.4%,"$559,835",
2023,K07,NIA,7,2,28.6%,"$244,990",
2023,K07,ACTIVITY TOTAL,7,2,28.6%,"$244,990",
2023,K08,NCI,210,53,25.2%,"$12,730,003",
2023,K08,NHLBI,96,36,37.5%,"$6,016,650",
2023,K08,NIDCR,9,3,33.3%,"$411,983",
2023,K08,NIDDK,59,22,37.3%,"$3,656,583",
2023,K08,NINDS,46,14,30.4%,"$2,966,568",
2023,K08,NIAID,43,10,23.3%,"$1,857,570",
2023,K08,NIGMS,8,4,50.0%,"$763,004",
2023,K08,NICHD,12,5,41.7%,"$768,156",
2023,K08,NEI,12,10,83.3%,"$2,308,578",
2023,K08,NIEHS,5,4,80.0%,"$704,283",
2023,K08,NIA,11,4,36.4%,"$680,213",
2023,K08,NIAMS,19,7,36.8%,"$1,212,745",
2023,K08,NIDCD,2,2,100.0%,"$392,688",
2023,K08,NIMH,15,5,33.3%,"$942,608",
2023,K08,NIDA,9,3,33.3%,"$548,642",
2023,K08,NIAAA,3,0,0.0%,$0,
2023,K08,NHGRI,4,3,75.0%,"$736,243",
2023,K08,NIBIB,1,0,0.0%,$0,
2023,K08,NCCIH***,1,1,100.0%,"$155,547",
2023,K08,NIMHD***,2,0,0.0%,$0,
2023,K08,ACTIVITY TOTAL,567,186,32.8%,"$36,852,064",
2023,K12,NCI,13,6,46.2%,"$2,245,950",
2023,K12,NIDCR,6,3,50.0%,"$701,158",
2023,K12,NIDDK,3,3,100.0%,"$871,865",
2023,K12,NINDS,2,1,50.0%,"$1,478,075",
2023,K12,NIGMS,9,4,44.4%,"$4,483,422",
2023,K12,NICHD,20,13,65.0%,"$6,531,136",
2023,K12,NEI,3,1,33.3%,"$534,892",
2023,K12,NIDA,3,3,100.0%,"$1,608,508",
2023,K12,NCATS**,18,12,66.7%,"$13,282,769",
2023,K12,ACTIVITY TOTAL,77,46,59.7%,"$31,737,775",
2023,K18,NIDCR,3,3,100.0%,"$323,243",
2023,K18,NINDS,1,0,0.0%,$0,
2023,K18,NIDCD,2,2,100.0%,"$401,125",
2023,K18,NHGRI,1,0,0.0%,$0,
2023,K18,ACTIVITY TOTAL,7,5,71.4%,"$724,368",
2023,K22,NCI,96,18,18.8%,"$3,312,176",
2023,K22,NHLBI,4,0,0.0%,$0,
2023,K22,NIDCR,1,0,0.0%,$0,
2023,K22,NINDS,1,0,0.0%,$0,
2023,K22,NIAID,36,6,16.7%,"$959,977",
2023,K22,NIA,9,0,0.0%,$0,
2023,K22,ACTIVITY TOTAL,147,24,16.3%,"$4,272,153",
2023,K23,NHLBI,135,51,37.8%,"$9,213,435",
2023,K23,NIDCR,6,2,33.3%,"$299,238",
2023,K23,NIDDK,76,37,48.7%,"$6,956,414",
2023,K23,NINDS,53,11,20.8%,"$2,341,107",
2023,K23,NIAID,33,9,27.3%,"$1,736,079",
2023,K23,NIGMS,7,6,85.7%,"$1,108,003",
2023,K23,NICHD,65,24,36.9%,"$3,912,509",
2023,K23,NEI,9,1,11.1%,"$258,135",
2023,K23,NIEHS,5,4,80.0%,"$846,203",
2023,K23,NIA,61,23,37.7%,"$4,021,385",
2023,K23,NIAMS,34,16,47.1%,"$2,424,851",
2023,K23,NIDCD,13,6,46.2%,"$1,065,415",
2023,K23,NIMH,112,29,25.9%,"$5,454,783",
2023,K23,NIDA,53,18,34.0%,"$3,377,504",
2023,K23,NIAAA,13,9,69.2%,"$1,679,291",
2023,K23,NINR,11,4,36.4%,"$587,258",
2023,K23,NCCIH***,14,5,35.7%,"$724,562",
2023,K23,NIMHD***,16,10,62.5%,"$1,516,094",
2023,K23,ACTIVITY TOTAL,716,265,37.0%,"$47,522,266",
2023,K24,NHLBI,27,12,44.4%,"$1,491,455",
2023,K24,NIAID,13,8,61.5%,"$1,378,605",
2023,K24,NIA,15,10,66.7%,"$1,798,007",
2023,K24,NIAMS,6,3,50.0%,"$559,304",
2023,K24,NIDCD,2,1,50.0%,"$196,667",
2023,K24,NIMH,4,1,25.0%,"$186,867",
2023,K24,NIDA,8,6,75.0%,"$1,166,863",
2023,K24,NIAAA,6,5,83.3%,"$990,188",
2023,K24,NINR,1,0,0.0%,$0,
2023,K24,NCCIH***,1,1,100.0%,"$144,573",
2023,K24,ACTIVITY TOTAL,83,47,56.6%,"$7,912,529",
2023,K25,NCI,6,2,33.3%,"$377,331",
2023,K25,NHLBI,12,4,33.3%,"$658,024",
2023,K25,NIDDK,4,2,50.0%,"$365,535",
2023,K25,NIAID,3,1,33.3%,"$109,232",
2023,K25,NICHD,1,0,0.0%,$0,
2023,K25,NIA,4,2,50.0%,"$286,952",
2023,K25,NIAMS,1,0,0.0%,$0,
2023,K25,NIBIB,2,2,100.0%,"$215,338",
2023,K25,ACTIVITY TOTAL,33,13,39.4%,"$2,012,412",
2023,K26,NIDDK,18,17,94.4%,"$1,867,007",
2023,K26,ACTIVITY TOTAL,18,17,94.4%,"$1,867,007",
2023,K38,NCI,2,0,0.0%,$0,
2023,K38,NHLBI,4,3,75.0%,"$321,783",
2023,K38,ACTIVITY TOTAL,6,3,50.0%,"$321,783",
2023,K43,NHLBI,0,0,0.0%,"$198,709",
2023,K43,NIMH,0,0,0.0%,"$100,000",
2023,K43,NHGRI,0,0,0.0%,"$97,403",
2023,K43,FIC,37,13,35.1%,"$907,126",
2023,K43,ACTIVITY TOTAL,37,13,35.1%,"$1,303,238",
2023,K76,NIA,34,4,11.8%,"$940,567",
2023,K76,ACTIVITY TOTAL,34,4,11.8%,"$940,567",
2023,K99,NCI,277,45,16.2%,"$6,121,685",
2023,K99,NHLBI,167,47,28.1%,"$6,267,784",
2023,K99,NIDCR,27,9,33.3%,"$1,149,034",
2023,K99,NIDDK,68,14,20.6%,"$1,271,880",
2023,K99,NINDS,166,35,21.1%,"$4,590,542",
2023,K99,NIAID,97,13,13.4%,"$1,529,598",
2023,K99,NIGMS,171,41,24.0%,"$4,991,097",
2023,K99,NICHD,83,29,34.9%,"$3,550,543",
2023,K99,NEI,55,24,43.6%,"$2,832,053",
2023,K99,NIEHS,42,11,26.2%,"$1,144,100",
2023,K99,NIA,126,44,34.9%,"$5,340,189",
2023,K99,NIAMS,24,11,45.8%,"$1,113,889",
2023,K99,NIDCD,24,7,29.2%,"$849,502",
2023,K99,NIMH,114,26,22.8%,"$2,951,078",
2023,K99,NIDA,47,11,23.4%,"$1,843,860",
2023,K99,NIAAA,30,18,60.0%,"$2,763,482",
2023,K99,NINR,12,2,16.7%,"$217,272",
2023,K99,NHGRI,19,11,57.9%,"$1,486,322",
2023,K99,NIBIB,15,7,46.7%,"$748,310",
2023,K99,NCCIH***,6,1,16.7%,"$85,877",
2023,K99,NIMHD***,11,3,27.3%,"$328,449",
2023,K99,NLM,5,3,60.0%,"$265,680",
2023,K99,ACTIVITY TOTAL,"1,586",412,26.0%,"$51,442,226",
2023,FY Total,,"3,966","1,285",32.4%,"$224,185,533",